# Словарь ChatTranslator. Данные: OpenRussian.org (https://en.openrussian.org),
# https://github.com/Badestrand/russian-dictionary — лицензия CC BY-SA 4.0
# (https://creativecommons.org/licenses/by-sa/4.0/). Изменения: отобраны частые
# слова (по wordfreq), оставлен один перевод, убраны ударения и неоднозначные
# формы, для игровых слов выбрано игровое значение. Этот файл распространяется
# на тех же условиях CC BY-SA 4.0. Собран скриптом tools/build_dictionary.py.
abacus	счёты
abatement	уменьшение
abatements	уменьшения
abattoir	бойня
abattoirs	бойни
abbey	аббатство
abbeys	аббатства
abbot	настоятель
abbots	настоятели
abbreviation	аббревиатура
abbreviations	аббревиатуры
abc	аз
abc-book	азбука
abcs	азы
abdomen	живот
abdomens	животы
abdominal	брюшной
abduction	похищение
abductions	похищения
abilities	способности
ability	способность
ablation	удаление
ablations	удаления
able-bodied	трудоспособный
ably	талантливо
abnormal	ненормальный
abnormalities	уродства
abnormality	уродство
aboard	борт
aboards	борта
abolition	отмена
abolitions	отмены
abominable	отвратительный
aboriginal	абориген
aboriginals	аборигены
abortion	аборт
abortions	аборты
abrasion	царапина
abrasions	царапины
abroad	граница
abroads	границы
abrupt	крутой
abruptly	резко
absence	пропуск
absences	пропуска
absent-minded	рассеянный
absolute	абсолютный
absolutely	абсолютно
absolution	прощение
absolutions	прощения
absorption	поглощение
absorptions	поглощения
abstention	воздержание
abstentions	воздержания
abstract	реферат
abstraction	абстракция
abstractions	абстракции
abstracts	рефераты
absurd	нелепо
absurdities	абсурды
absurdity	абсурд
absurdly	нелепо
abundance	обилие
abundances	обилия
abundant	хлебный
abyss	бездна
abysses	бездны
academic	академический
academies	академии
academy	академия
acceleration	ускорение
accelerations	ускорения
accelerator	ускоритель
accelerators	ускорители
accent	акцент
accents	акценты
acceptable	приемлемый
acceptance	принятие
acceptances	принятия
access	доступ
accesses	доступы
accessibilities	доступности
accessibility	доступность
accessible	доступный
accessories	арматура
accessorieses	арматуры
accessory	второстепенный
accident	авария
accidentally	случайно
accidents	аварии
accommodation	размещение
accommodations	размещения
accompaniment	сопровождение
accompaniments	сопровождения
accomplice	участник
accomplices	участники
accomplishment	совершение
accomplishments	совершения
accomplishmentses	знания
accord	согласие
accordance	соответствие
accordances	соответствия
accordingly	соответственно
accordion	аккордеон
accordions	аккордеоны
accords	согласия
account	отчёт
accountable	отчётный
accountant	бухгалтер
accountants	бухгалтеры
accounts	отчёты
accretion	прирост
accretions	приросты
accumulation	накопление
accumulations	накопления
accumulator	аккумулятор
accumulators	аккумуляторы
accuracies	точности
accuracy	точность
accurate	точный
accurately	чётко
accursed	проклятый
accusation	обвинение
accusations	обвинения
accused	подсудимый
accuseds	подсудимые
accuser	обвинитель
accusers	обвинители
ace	ас
aces	асы
achievement	достижение
achievements	достижения
achievementses	завоевания
acid	кислота
acidities	кислоты
acidity	кислота
acids	кислоты
acknowledgement	признание
acknowledgements	признания
acme	вершина
acmes	вершины
acoustic	акустический
acquaintance	знакомство
acquaintances	знакомства
acquaintanceses	знакомства
acquisition	приобретение
acquisitions	приобретения
acquittal	оправдание
acquittals	оправдания
acre	акр
acres	акры
action	действие
actions	действия
active	активный
actively	активно
activities	деятельности
activitieses	действия
activity	деятельность
actor	актёр
actors	актёры
actress	актриса
actresses	актрисы
actual	фактический
actualities	актуальности
actuality	актуальность
actually	вообще-то
ad	объявление
adaptation	адаптация
adaptations	приспособления
addenda	дополнения
addendum	дополнение
adder	гадюка
adders	гадюки
addiction	зависимость
addictions	зависимости
addition	присоединение
additional	дополнительный
additions	присоединения
address	адрес
addresses	адреса
adequate	адекватный
adherence	приверженность
adherences	приверженности
adherent	приверженец
adherents	приверженцы
adhesion	присоединение
adhesions	присоединения
adjacent	смежный
adjective	прилагательный
adjournment	отсрочка
adjournments	отсрочки
adjustment	настройка
adjustments	настройки
adjutant	адъютант
adjutants	адъютанты
administration	управление
administrations	управления
administrative	административный
administrator	администратор
administrators	администраторы
admirably	удивительно
admiral	адмирал
admirals	адмиралы
admiration	восхищение
admirations	восхищения
admirer	поклонник
admirers	поклонники
admissible	допустимый
admission	пропуск
admissions	пропуска
admittance	доступ
admittances	доступы
admixture	примесь
admixtures	примеси
admonition	наставление
admonitions	наставления
adonis	красавец
adonises	красавцы
adoption	принятие
adoptions	принятия
adoptive	приёмный
adorable	приемлемый
adrenalin	адреналин
adrenalins	адреналины
ads	объявления
adult	взрослый
advance-guard	авангард
advancement	продвижение
advancements	продвижения
advantage	преимущество
advantageous	выгодно
advantages	преимущества
advent	пришествие
advents	пришествия
adventure	приключение
adventures	приключения
adverb	обстоятельство
adverbs	обстоятельства
adversaries	противники
adversary	противник
adversities	невзгоды
adversity	невзгода
advertisement	публикация
advertisements	публикации
advice	совет
advisable	желательно
adviser	советник
advisers	советники
advisory	консультативный
advocacies	проповеди
advocacy	проповедь
advocate	адвокат
advocates	адвокаты
aegis	эгида
aegises	эгиды
aerial	антенна
aerials	антенны
aerodrome	аэродром
aerodromes	аэродромы
aeroplane	самолёт
aeroplanes	самолёты
aerospace	воздушно-космический
aesthetic	эстетический
affable	доступный
affair	стычка
affairs	делишки
affairses	делишки
affection	поражение
affectionate	ласковый
affectionately	ласково
affections	поражения
affidavit	показание
affidavits	показания
affinities	*свойства
affinity	свойство
affirmation	утверждение
affirmations	утверждения
afghan	афганский
afoot	пешком
aforesaid	вышеуказанный
afresh	сначала
africa	африка
african	африканский
africans	африканцы
africas	Африки
after-effects	последствие
after-taste	привкус
afterglow	заря
afterglows	зори
afternoon	день
afternoons	дни
afterwards	потом
agate	агат
agates	агаты
age	возраст
age-old	старинный
agencies	агентства
agency	агентство
agenda	повестка
agendas	повестки
agent	агент
agents	агенты
ages	возрасты
agglomeration	агломерация
agglomerations	агломерации
aggravation	усиление
aggravations	усиления
aggregate	общий
aggregates	агрегаты
aggregation	агрегат
aggregations	агрегаты
aggression	агрессия
aggressions	агрессии
aggressive	агрессивный
aggressor	захватчик
aggressors	захватчики
agile	подвижной
aging	старение
agings	старения
agitation	волнение
agitations	волнения
ago	назад
agrarian	аграрный
agreeable	согласный
agreement	договор
agreements	договоры
agricultural	сельскохозяйственный
agriculture	земледелие
aha	ага
ahas	аги
ahead	вперёд
ahem	гм
aid	помощь
aide	адъютант
aide-de-camp	адъютант
aides	адъютанты
aids	помощи
ailment	недуг
ailments	недуги
aim	цель
aims	цели
air	воздух
air-base	авиабаза
air-bladder	пузырь
air-conditioner	кондиционер
air-cushion	подушка
air-defence	противовоздушный
air-liner	самолёт
air-route	авиалиния
aircraft	самолёт
aircrafts	самолёты
airfield	аэродром
airfields	аэродромы
airline	авиакомпания
airlines	авиакомпании
airplane	самолёт
airplanes	самолёты
airport	аэропорт
airports	аэропорты
airway	авиалиния
airways	авиалинии
airy	воздушный
aisle	проход
aisles	проходы
akin	сродни
alarm	тревога
alarms	тревоги
alas	увы
alaska	аляска
album	альбом
albums	альбомы
alchemies	алхимии
alchemist	алхимик
alchemists	алхимики
alchemy	алхимия
alcohol	алкоголь
alcoholic	алкогольный
alcoholics	алкоголики
alcoholism	алкоголизм
alcohols	спирты
ale	эль
alert	тревога
alerts	тревоги
ales	эли
algae	водоросль
algaes	водоросли
algebra	алгебра
algeria	алжир
algiers	алжир
algorithm	алгоритм
algorithms	алгоритмы
alias	кличка
aliases	клички
alibi	алиби
alien	пришелец
alienation	отчуждение
alienations	отчуждения
aliens	пришельцы
alignment	группировка
alignments	группировки
alike	равно
alimonies	алименты
alimony	алименты
alive	живой
alkaline	щелочной
all	всё
all-out	решительный
all-powerful	всемогущий
all-round	многоборье
all-russian	всероссийский
all-union	всесоюзный
allah	аллах
allegation	утверждение
allegations	утверждения
allergies	аллергии
allergy	аллергия
alley	переулок
alleys	переулки
alliance	альянс
alliances	альянсы
allies	союзники
allocation	ассигнование
allocations	ассигнования
allotment	раздел
allotments	разделы
allowance	пособие
allowances	пособия
alloy	сплав
alloys	сплавы
allusion	намёк
allusions	намёки
ally	союзник
almanac	альманах
almanacs	альманахи
almighty	всемогущий
almond-tree	миндаль
almonds	миндаль
almondses	миндали
almost	почти
alms	милостыня
almses	милостыни
alone	один
alones	одиночки
alongside	наряду
aloud	вслух
alpha	альфа
alphabet	азбука
alphabetical	алфавитный
alphabets	азбуки
alphas	альфы
altar	алтарь
altars	алтари
alteration	изменение
alterations	изменения
alternately	попеременно
alternation	чередование
alternations	чередования
alternative	выбор
alternatives	выборы
altitude	высота
altitudes	высоты
altogether	итого
aluminium	алюминий
aluminum	алюминий
alumni	воспитанник
alumnis	воспитанники
always	всегда
alwayses	века
amalgamation	объединение
amalgamations	объединения
amateur	любитель
amateurs	любителя
amazement	удивление
amazements	удивления
amazingly	изумительно
amazon	амазонка
amazons	амазонки
ambassador	посол
ambassadors	послы
amber	янтарь
ambers	янтари
ambition	амбиция
ambitions	амбиции
ambitious	амбициозный
ambulance	скорая
ambulances	скорые
ambush	засада
ambushes	засады
amendment	поправка
amendments	поправки
america	америка
american	американский
americans	американцы
americas	Америки
amiable	любезный
amicable	дружественный
amicably	дружно
amid	средь
amidst	среди
amities	дружбы
amity	дружба
ammonia	аммиак
ammonias	аммиакы
ammonium	аммоний
ammoniums	аммонии
ammunition	боеприпасы
ammunitions	боеприпасы
amnesties	амнистии
amnesty	амнистия
amongst	среди
amorous	влюблённый
amount	количество
amounts	количества
amplification	усиление
amplifications	усиления
amplifier	усилитель
amplifiers	усилители
amplitude	амплитуда
amplitudes	амплитуды
amulet	амулет
amulets	амулеты
amusement	забава
amusements	забавы
anaemia	анемия
anaesthesia	анестезия
anaesthesias	анестезии
anaesthetic	обезболивающий
anaesthetics	наркозы
anal	анальный
analogies	аналогии
analogous	аналогичный
analogue	аналог
analogues	аналоги
analogy	аналогия
analyses	анализы
analysis	анализ
analyst	аналитик
analysts	аналитики
analytic	аналитический
anarchist	анархист
anarchists	анархисты
anarchy	анархия
anatomy	анатомия
ancestor	предок
ancestors	предки
ancestorses	прадеды
ancestral	родовой
anchor	якорь
anchors	якоря
ancient	древний
ancients	древние
ancientses	древние
anecdote	анекдот
anecdotes	анекдоты
anew	вновь
angel	ангел
angels	ангелы
anger	гнев
angers	гневы
angle	угол
angles	углы
anglo-american	англо-американский
angrily	злобно
angry	злой
anguish	тоска
anguishes	пытки
angular	угловой
animal	животное
animals	животные
animalses	животы
animation	анимация
animations	увлечения
animosities	враждебности
animosity	вражда
ankle	лодыжка
ankles	лодыжки
annals	летопись
annalses	летописи
annexation	аннексия
annexations	аннексии
annihilation	уничтожение
annihilations	уничтожения
anniversaries	юбилеи
anniversary	юбилей
annotation	аннотация
annotations	аннотации
announcement	анонс
announcements	анонсы
announcer	диктор
announcers	дикторы
annoyance	неприятность
annoyances	неприятности
annual	годовой
annually	ежегодно
annuals	ежегодники
annular	кольцевой
annunciation	благовещение
annunciations	благовещения
anomalies	аномалии
anomalous	аномальный
anomaly	аномалия
anonymous	анонимный
ant	муравей
antagonist	противник
antagonists	противники
antenna	ус
antennas	усы
anthem	гимн
anthems	гимны
anthologies	антологии
anthology	антология
anthropology	антропология
anti-aircraft	противовоздушный
anti-mechanized	противотанковый
anti-missile	противоракетный
anti-semitism	антисемитизм
anti-tank	противотанковый
antibiotics	антибиотики
antibioticses	антибиотики
antibodies	антитела
antibody	антитело
anticipation	предвкушение
anticipations	предвкушения
antique	старинный
antiques	старины
antiquities	древности
antiquitieses	древности
antiquity	древность
antitheses	противоположности
antithesis	противоположность
antler	рог
antlers	рога
ants	муравьи
anxieties	заботы
anxiety	беспокойство
anxious	тревожно
anybody	кто-нибудь
anyhow	как-нибудь
anyone	кто-нибудь
anything	что-нибудь
anywhere	где-то
aorta	аорта
aortae	аорты
apart	порознь
apartment	квартира
apartments	квартиры
ape	обезьяна
aperture	отверстие
apertures	отверстия
apes	обезьяны
apex	вершина
apices	вершины
apocalypse	апокалипсис
apocalypses	апокалипсисы
apogee	апогей
apogees	апогеи
apologies	извинения
apology	извинение
apostle	апостол
apostles	апостолы
apparatus	аппаратура
apparatuses	аппаратуры
apparel	наряд
apparels	наряды
apparent	видимый
apparently	видимо
apparition	появление
apparitions	появления
appearance	вид
appearances	виды
appellation	название
appellations	названия
appendices	добавления
appendix	добавление
appetite	аппетит
appetizer	закуска
appetizers	закуски
applause	аплодисменты
applauses	аплодисменты
apple	яблоко
apple-tree	яблоня
apples	яблоки
appliance	приспособление
appliances	приспособления
applicant	кандидат
applicants	кандидаты
application	применение
applications	применения
appointment	должность
appointments	должности
appointmentses	убранства
appreciable	заметный
apprehension	опасение
apprehensions	опасения
apprentice	мальчик
apprentices	мальчики
apprenticeship	учение
apprenticeships	учения
approachable	доступный
appropriately	уместно
appropriateness	закономерность
appropriatenesses	закономерности
appropriation	присвоение
appropriations	присвоения
approval	санкция
approvals	санкции
approximately	приблизительно
approximation	приближение
approximations	приближения
april	апрель
apron	фартук
aprons	фартуки
aptitude	способность
aptitudes	способности
aptly	уместно
aquarium	аквариум
aquariums	аквариумы
aquarius	водолей
aquariuses	водолеи
aquatic	водяной
aqueous	водный
arab	арабский
arabian	арабский
arabians	арабы
arabic	арабский
arabs	арабы
arbiter	арбитр
arbiters	арбитры
arbitrarily	произвольно
arbitrary	произвольный
arbitration	арбитраж
arbitrations	арбитражи
arbitrator	арбитр
arbitrators	арбитры
arc	дуга
arcade	пассаж
arcades	пассажи
arch	свод
archaeological	археологический
archaeologist	археолог
archaeologists	археологи
archaeology	археология
archangel	архангел
archangels	архангелы
archbishop	архиепископ
archbishops	архиепископы
arches	своды
archetype	образец
archetypes	образцы
archipelago	архипелаг
archipelagoes	архипелаги
architect	архитектор
architects	архитекторы
architectural	архитектурный
architecture	архитектура
architectures	зодчества
archives	архив
archiveses	архивы
arcs	дуги
arctic	полярный
ardent	ярый
arduous	трудный
area	область
areas	области
arena	арена
arenas	арены
argentina	Аргентина
argentine	аргентинский
arguable	спорный
argument	спор
argumentation	спор
argumentations	споры
arguments	споры
arid	сухой
aristocrat	аристократ
aristocrats	аристократы
arithmetic	арифметика
arithmetics	арифметики
ark	ковчег
arks	ковчеги
arm	крыло
armament	вооружение
armaments	вооружения
armature	якорь
armatures	якоря
armchair	кресло
armchairs	кресла
armenian	армянин
armenians	армяне
armies	армии
armistice	перемирие
armor	броня
armour	броня
armour-plating	броня
armoured	танковый
armouries	арсеналы
armoury	арсенал
arms	крылья
army	армия
aroma	аромат
aromas	ароматы
arrangement	установка
arrangements	установки
array	порядок
arrays	порядки
arrears	хвост
arrearses	хвосты
arrival	наступление
arrivals	наступления
arrow	стрела
arrows	стрелы
arsenal	арсенал
arsenals	арсеналы
arson	поджог
arsons	поджоги
art	искусство
arterial	артериальный
arteries	артерии
artery	артерия
artful	хитрый
article	статья
articles	статьи
articulation	сустав
articulations	суставы
artificial	искусственный
artificially	искусственно
artillery	артиллерия
artisan	ремесленник
artisans	ремесленники
artist	художник
artiste	артистка
artistes	артистки
artistic	художественный
artistically	художественно
artists	художники
arts	искусства
ascendancies	влияния
ascendancy	влияние
ascent	восхождение
ascents	восхождения
ash	пепел
ash-tree	ясень
ashes	пеплы
asia	Азия
asian	азиатский
asians	азиаты
asiatic	азиатский
askew	косо
aspect	вид
aspects	виды
asphalt	асфальт
asphalts	асфальты
aspirant	претендент
aspirants	претенденты
aspiration	стремление
aspirations	стремления
aspirationses	требования
aspirin	аспирин
ass	жопа
assassination	убийство
assassinations	убийства
assault	штурм
assaults	штурмы
assay	проба
assays	пробы
assemblage	сборище
assemblages	сборища
assemblies	ассамблеи
assembly	ассамблея
assertion	утверждение
assertions	утверждения
asses	жопы
assessment	распределение
assessments	распределения
assessor	заседатель
assessors	заседатели
asset	достояние
assets	актив
assetses	активы
assignment	предоставление
assignments	предоставления
assimilation	ассимиляция
assimilations	ассимиляции
assistance	помощь
assistances	помощи
assistant	помощник
assistants	помощники
association	ассоциация
associations	ассоциации
assortment	ассортимент
assortments	ассортименты
assumption	предположение
assumptions	предположения
assuredly	бесспорно
aster	астра
asterisk	звёздочка
asterisks	звёздочки
asteroid	астероид
asteroids	астероиды
asters	астры
asthma	астма
asthmas	астмы
astonishingly	удивительно
astonishment	удивление
astonishments	удивления
astride	верхом
astrology	астрология
astronaut	астронавт
astronauts	астронавты
astronomer	астроном
astronomers	астрономы
astronomy	астрономия
astute	тонкий
asylum	убежище
asylums	убежища
atelier	ателье
atheism	атеизм
atheisms	атеизмы
atheist	атеист
atheists	атеисты
athlete	атлет
athletes	атлеты
athletic	спортивный
athletics	атлетика
atlantic	атлантический
atlas	атлас
atm	банкомат
atmosphere	атмосфера
atmospheres	атмосферы
atmospheric	атмосферный
atms	банкоматы
atom	атом
atomic	атомный
atoms	атомы
atonement	расплата
atonements	расплаты
atrocities	зверство
atrocitieses	зверства
attachment	привязанность
attachments	привязанности
attacker	атакующий
attainment	достижение
attainments	достижения
attendance	посещаемость
attendances	посещаемости
attendant	сопутствующий
attendants	служители
attention	внимание
attentions	внимания
attentive	внимательный
attentively	внимательно
attestation	аттестация
attestations	аттестации
attic	чердак
attics	чердаки
attire	убор
attires	уборы
attitude	положение
attitudes	положения
attorney	поверенный
attraction	привлечение
attractions	привлечения
attractive	привлекательный
attractiveness	привлекательность
attractivenesses	привлекательности
auction	аукцион
auctions	аукционы
audacious	смелый
audacities	дерзости
audacity	смелость
audible	слышный
audibly	слышно
audience	зритель
audiences	зрители
audition	слушание
auditions	слушания
auditories	слушатели
auditory	слуховой
augmentation	увеличение
augmentations	увеличения
august	август
augusts	августы
aunt	тётя
aunties	тёти
aunts	тёти
aunty	тётя
aura	аура
auras	ауры
aurora	аврора
auroras	авроры
auspicious	благоприятный
austere	строгий
austerities	строгости
austerity	строгость
australia	Австралия
australian	австралийский
australians	австралийцы
austrian	австрийский
austrians	австрийцы
authentic	подлинный
authenticities	подлинности
authenticity	подлинность
author	автор
authoritative	авторитетный
authorities	полномочия
authoritieses	начальства
authority	полномочие
authorization	разрешение
authorizations	разрешения
authors	авторы
authorship	авторство
authorships	авторства
autobiographies	автобиографии
autobiography	автобиография
autograph	автограф
autographs	автографы
automatic	автоматический
automatically	автоматически
automation	автоматизация
automations	автоматизации
automaton	автомат
automatons	автоматы
automobile	автомобиль
automobiles	автомобили
autonomies	автономии
autonomous	автономный
autonomy	автономия
autumn	осень
autumnal	осенний
autumns	осени
auxiliary	вспомогательный
availabilities	наличия
availability	наличие
available	имеющийся
avalanche	лавина
avalanches	лавины
avarice	жадность
avenger	мститель
avengers	мстители
avenue	проспект
avenues	проспекты
average	средний
aversion	отвращение
aversions	отвращения
avian	птичий
aviation	авиация
aviations	авиации
avid	жадный
avoidance	избежание
avoidances	избежания
awake	пробуждение
awakes	пробуждения
award	диплом
awards	дипломы
awareness	сознание
awarenesses	сознания
away	прочь
awe-inspiring	жуткий
awesome	офигенный
awful	адский
awfullies	ужасы
awfully	страшно
awkward	неудобный
awkwardly	неловко
awkwardness	неловкость
awkwardnesses	неловкости
awning	зонтик
awnings	зонтики
awry	криво
axe	топор
axes	топоры
axiom	аксиома
axioms	аксиомы
axis	ось
axle	ось
az	аз
azerbaijan	азербайджанский
azes	азы
azure	лазурный
baba	баба
babas	бабы
babe	штучка
babes	штучки
babies	младенцы
baby	младенец
babysitter	няня
babysitters	няни
bachelor	холостяк
bachelors	холостяки
bacilli	палочки
bacillus	палочка
back	обратно
backbone	хребет
backbones	хребты
background	фон
backgrounds	фоны
backing	поддержка
backings	поддержки
backpack	рюкзак
backpacks	рюкзаки
backs	спины
backward	задом
backwards	обратно
bacon	бекон
bacteria	бактерии
bacterium	бактерия
bad	плохо
badass	крутой
badge	значок
badger	барсук
badgers	барсуки
badges	значки
badly	сильно
bag	пакет
baggage	багаж
bags	пакеты
bai	бай
bais	баи
bait	приманка
baits	приманки
baker	хлебник
bakeries	пекарни
bakers	хлебники
bakery	пекарня
balance	баланс
balance-sheet	баланс
balances	балансы
balconies	балконы
balcony	балкон
bald	лысый
bald-headed	лысый
bale	бунт
bales	бунты
balkan	балканский
ball	мяч
ballad	дума
ballads	думы
ballerina	балерина
ballerinas	балерины
ballet	балет
ballet-dancer	балерина
ballets	балеты
ballistic	баллистический
ballon	шар
ballons	шары
ballot-box	урна
ballot-paper	бюллетень
ballpoint	ручка
ballpoints	ручки
balls	мячи
balm	бальзам
balms	бальзамы
balsam	бальзам
balsams	бальзамы
baltic	балтийский
banal	банальный
banana	банан
bananas	бананы
band	банда
band-master	дирижёр
bandage	повязка
bandages	повязки
bandit	бандит
bandits	бандиты
bands	банды
bandstand	раковина
bandstands	раковины
bangle	браслет
bangles	браслеты
banishment	изгнание
banishments	изгнания
bank	банк
banker	банкир
bankers	банкиры
bankrupt	банкрот
bankruptcies	банкротства
bankruptcy	банкротство
bankrupts	банкроты
banks	банки
banner	знамя
banner-headline	аншлаг
banners	знамёна
banquet	банкет
banquets	банкеты
baptism	крещение
baptisms	крещения
bar	бар
barbarian	варвар
barbarians	варвары
barbarous	дикий
barber	парикмахер
barbers	парикмахеры
bard	бард
bards	барды
barefoot	босиком
barely	едва
barge-pole	шест
barley	ячмень
barleys	ячмени
barman	бармен
barmen	бармены
barn	амбар
barns	амбары
baron	барон
baroness	баронесса
baronesses	баронессы
barons	бароны
baroque	барокко
barrack	барак
barracks	казарма
barrackses	казармы
barrel	баррель
barrels	баррели
barricade	баррикада
barricades	баррикады
barrier	барьер
barriers	барьеры
barrister	адвокат
barristers	адвокаты
barrow	курган
barrows	курганы
bars	бары
barter	обмен
barters	обмены
base	база
baseball	бейсбол
baseballs	бейсболы
basement	подвал
basements	подвалы
bases	базы
basic	базовый
basin	таз
basins	тазы
basis	начало
basket	кузов
basketball	баскетбол
basketball-player	баскетболист
baskets	кузова
bass	бас
bastard	сволочь
bastards	сволочи
bastion	бастион
bastions	бастионы
bat	бита
batch	пачка
batches	пачки
bath	ванна
bath-house	баня
bathrobe	халат
bathrobes	халаты
bathroom	ванная
bathrooms	ванные
baths	ванны
bathtub	ванна
bathtubs	ванны
baton	жезл
batons	жезлы
bats	биты
battalion	батальон
battalions	батальоны
batteries	батареи
battering-ram	таран
battery	батарея
battle	битва
battle-front	фронт
battles	битвы
bay	залив
bayonet	штык
bayonets	штыки
bays	заливы
bazaar	базар
bazaars	базары
beach	пляж
beaches	пляжи
beacon	маяк
beacons	маяки
bead	шарик
beads	шарики
beak	нос
beaker	кубок
beakers	кубки
beaks	носы
beam	балка
beams	балки
bean	боб
beans	бобы
beanses	бобы
bear-cub	медвежонок
bearer	проводник
bearers	проводники
bearing-out	вынос
beast	животное
beasts	животные
beastses	*зверья
beating	бой
beatings	бои
beauties	красоты
beautiful	красивый
beautifully	красиво
beauty	красота
bed	кровать
bed-bug	клоп
bed-chair	кресло-кровать
bed-pan	судно
bed-sheet	простыня
bed-sitter	квартира
bedroom	спальня
bedrooms	спальни
beds	кровати
bedside-table	тумбочка
bee	пчела
beef	говядина
beer	пиво
beers	пива
bees	пчёлы
beeswax	воск
beet	свёкла
beetle	жук
beetles	жуки
beetroot	свёкла
beetroots	свёклы
beets	свёклы
beforehand	заранее
beggar	нищий
beggars	нищие
beginner	новичок
beginners	новички
beginning	начало
beginnings	начала
beginningses	возникновения
behavior	поведение
behaviors	поведения
behest	завет
behests	заветы
beijing	Пекин
belarus	белоруссия
belfries	колокольни
belfry	колокольня
belgian	бельгийский
belgium	бельгия
belgiums	Бельгии
belief	убеждение
beliefs	убеждения
believers	верующий
bell	колокол
bellies	брюхи
belligerent	воюющий
bells	колокола
belly	брюхо
belongings	вещь
belongingses	вещи
beloved	лада
beloveds	лады
belt	пояс
belts	пояса
bench	суд
benches	суды
bend	изгиб
bends	изгибы
benefit	польза
benefits	пользы
bent	влечение
bents	влечения
benz	мерседес
berlin	Берлин
berries	ягоды
berry	ягода
berth	койка
berths	койки
beside	рядом
besides	помимо
best	лучший
bet	пари
beta	бета
betas	беты
betrayal	предательство
betrayals	предательства
bets	ставки
better	лучше
beverage	напиток
beverages	напитки
bewilderment	недоумение
bewilderments	недоумения
bias	расположение
biases	расположения
biathlon	биатлон
bible	библия
bibles	библии
biblical	библейский
bibliographic	библиографический
bibliography	библиография
bicycle	велосипед
bicycles	велосипеды
biennial	двухлетний
big	большой
bigger	больше
biggest	крупнейший
bike	велосипед
bikes	велосипеды
bikini	бикини
bilateral	двусторонний
bilge	днище
bilges	днища
bill	счёт
billiard-scorer	маркёр
billiard-table	бильярд
billiards	бильярд
billion	млрд
billionaire	миллиардер
billionaires	миллиардеры
billions	миллиарды
bills	счета
billy-goat	козёл
bin	ларь
binocular	бинокль
binoculars	бинокли
bins	лари
biochemistries	биохимии
biochemistry	биохимия
biographies	биографии
biography	биография
biological	биологический
biologies	биологии
biologist	биолог
biologists	биологи
biology	биология
birch	берёза
birches	берёзы
bird	птица
birds	птицы
birth	рождение
birthday	др
birthdays	рождения
birthplace	родина
birthplaces	родины
births	рождения
bishop	епископ
bishops	епископы
bitch	сука
bitches	суки
bitter	горький
bitterly	горько
bitterness	горечь
black	чёрный
black-and-white	чёрно-белый
black-beetle	таракан
black-skinned	чернокожий
blacksmith	коваль
blacksmiths	ковали
bladder	камера
bladders	камеры
blade	клинок
blades	клинки
blameless	безупречный
blank	пробел
blanket	одеяло
blankets	одеяла
blanks	пробелы
blast-furnace	домна
blaze	пламя
blazes	пламена
bleak	мрачно
bleeding	кровотечение
bleedings	кровотечения
blemish	пятно
blemishes	пятна
blend	смесь
blends	смеси
blessing	благословение
blessings	благословения
blind	слепой
blindfold	слепо
blindly	слепо
blinds	шторы
bliss	блаженство
blisses	блаженства
blissful	блаженный
blister	пузырь
blisters	пузыри
bloc	блок
blockage	завал
blockages	завалы
blocs	блоки
blog	блог
blogs	блоги
bloke	парень
blokes	парни
blonde	блондинка
blondes	блондинки
blood	кровь
blood-donor	донор
blood-red	кровавый
blood-stained	кровавый
bloods	крови
bloodshed	кровопролитие
bloodsheds	кровопролития
bloody	кровавый
bloom	расцвет
blooms	расцветы
blossom	цветок
blossoms	цветы
blot	пятно
blots	пятна
blow	удар
blows	удары
blue	синий
bluebell	колокольчик
bluebells	колокольчики
blues	блюз
blueses	блюзы
bluff	блеф
bluish	сизый
blunder	ошибка
blunders	ошибки
blunt	тупой
bluntly	прямо
blush	краска
blushes	краски
boar	свинья
board	доска
boarding-house	пансион
boarding-school	пансион
boards	доски
boars	свиньи
boat	лодка
boatman	перевозчик
boatmen	перевозчики
boats	лодки
bobbin	катушка
bobbins	катушки
bodies	тела
bodieses	аппараты
body	тело
body-guard	телохранитель
boer	бур
boers	буры
bog	болото
bogs	болота
boiler	куб
boiler-house	котельная
boiler-room	котельная
boilers	кубы
bold	смелый
boldly	смело
boldness	смелость
boldnesses	куражи
boll	коробочка
bolls	коробочки
bolshevik	большевик
bolsheviks	большевики
bolster	подушка
bolsters	подушки
bolt	болт
bolts	болты
bomb	бомба
bombardier	бомбардир
bombardiers	бомбардиры
bombardment	бомбардировка
bombardments	бомбардировки
bombastic	громкий
bomber	бомбардировщик
bombers	бомбардировщики
bombing	бомбёжка
bombings	бомбёжки
bombs	бомбы
bon-bon	конфета
bond	связь
bondage	рабство
bondages	рабства
bonds	связи
bone	кость
bones	кости
bonfire	костёр
bonfires	костры
bong	дон
bongs	доны
bonnet	шляпа
bonnets	шляпы
bonus	премия
bonuses	премии
boob	сиська
boobs	сиськи
book	книга
book-keeper	бухгалтер
book-keeping	отчётность
booking-office	касса
bookish	книжный
booklet	брошюра
booklets	брошюры
bookmark	закладка
bookmarks	закладки
books	книги
boom	бум
boomerang	бумеранг
boomerangs	бумеранги
booms	бумы
boon	костра
boons	*костры
booster	усилитель
boosters	усилители
boot	сапог
boot-maker	сапожник
booth	кабина
booths	кабины
booties	добычи
boots	сапоги
booty	добыча
bordeaux	бордо
border	край
borders	края
bore	зануда
boredom	скука
bores	зануды
boron	бор
borons	боры
borough	местечко
boroughs	местечки
borrower	заёмщик
borrowers	заёмщики
bosom	грудь
bosoms	груди
boss	босс
bosses	боссы
boston	Бостон
botanical	ботанический
botanist	ботаник
botanists	ботаники
bottle	бутылка
bottles	бутылки
bottom	дно
bottoms	донья
bough	ветвь
boughs	ветви
boulevard	бульвар
boulevards	бульвары
boundaries	рубежи
boundary	рубеж
bounties	премии
bounty	премия
bouquet	букет
bouquets	букеты
bourgeois	буржуазный
bourgeoisie	буржуазия
bout	приступ
boutique	бутик
boutiques	бутики
bouts	приступы
bow	лук
bow-tie	бабочка
bowels	кишечник
bowelses	кишечники
bowl	кубок
bowler	котелок
bowlers	котелки
bowls	кубки
bows	луки
box	ящик
boxer	боксёр
boxers	боксёры
boxes	ящики
boy	парень
boy-friend	кавалер
boys	парни
boyses	ребята
bra	лифчик
bracelet	браслет
bracelets	браслеты
bracket	скобка
brackets	скобки
braid	коса
braids	косы
brain	мозг
brains	мозги
brake	тормоз
brakes	тормоза
branch	филиал
branches	филиалы
brand	марка
brand-new	новенький
brandies	коньяки
brands	марки
brandy	коньяк
bras	лифчики
brave	храбрый
bravely	храбро
braveries	отваги
bravery	храбрость
bravo	браво
brawl	скандал
brawls	скандалы
brazil	Бразилия
brazilian	бразильский
brazilians	бразильцы
breach	нарушение
breaches	нарушения
bread	хлеб
breadth	ширина
breadths	широты
break-in	взлом
break-through	прорыв
break-up	распад
breakage	бой
breakages	бои
breakdown	авария
breakdowns	аварии
breaker	волна
breakers	волны
breakerses	прибои
breakfast	завтрак
breakfasts	завтраки
breakthrough	переломный
breast	грудь
breast-feeding	кормление
breasts	груди
breath	дух
breathing	дыхание
breathing-space	передышка
breathings	дыхания
breaths	духи
breathtaking	захватывающий
breech-block	затвор
breeches	штаны
breecheses	штаны
breed	порода
breeding	разведение
breedings	разведения
breeds	породы
breeze	ветер
breezes	ветерки
brest	брест
brewer	пивовар
brewers	пивовары
bribe-taking	взяточничество
briberies	подкупы
bribery	подкуп
brick	кирпич
bricks	кирпичи
bride	невеста
bridegroom	жених
bridegrooms	женихи
brides	невесты
bridge	мост
bridges	мосты
brief	краткий
briefcase	портфель
briefcases	портфели
briefly	коротко
brigade	бригада
brigade-leader	бригадир
brigades	бригады
brigadier	бригадир
brigadiers	бригадиры
bright	яркий
brightly	ярко
brightness	яркость
brightnesses	яркости
brilliance	блеск
brilliances	яркости
brilliant	яркий
brilliantly	блестяще
brilliants	бриллианты
brim	край
brim-full	верхом
brims	края
brink	край
brinks	края
briskly	бодро
britain	Британия
british	британский
britishes	англичане
briton	британец
britons	британцы
brittle	хрупкий
broad	широкий
broadcasting	вещание
broadcastings	вещания
broadly	широко
broadside	лаг
broadsides	лаги
brochure	брошюра
brochures	брошюры
brokerage	комиссионный
bronze	бронза
brooch	брошь
brooches	броши
brook	ручей
brooks	ручьи
broth	бульон
brother	брат
brother-in-law	зять
brotherhood	братство
brotherhoods	братства
brotherly	братский
brothers	братья
broths	бульоны
brow	чело
brown	коричневый
brownie	домовой
brownies	домовые
brows	чела
bruise	синяк
bruises	синяки
brunette	брюнетка
brunettes	брюнетки
brush	кисть
brushes	кисти
brutal	жестокий
brutalities	зверства
brutality	зверство
brutally	зверски
brutals	жести
brute	скотина
brutes	скотины
bruteses	*зверья
bubble	пузырь
bubbles	пузыри
buck	самец
bucket	ведро
buckets	вёдра
bucks	самцы
buckwheat	греча
buckwheats	гречи
bud	почка
buddhism	буддизм
buddies	приятели
buddy	приятель
budget	бюджет
budgetary	бюджетный
budgets	бюджеты
buds	почки
buffet	буфет
buffets	буфеты
bug	клоп
bugle	рог
bugles	рога
bugs	клопы
builder	строитель
builders	строители
building	строительство
buildings	строительства
bulb	луковица
bulbs	луковицы
bulgaria	болгария
bulgarian	болгарский
bulgarians	болгары
bull	бык
bull-calf	бычок
bullet	пуля
bulletin	бюллетень
bulletins	бюллетени
bullets	пули
bullock	вол
bullocks	волы
bulls	быки
bullshit	херня
bulwark	оплот
bulwarks	оплоты
bumper	бампер
bumpers	бамперы
bun	пучок
bunch	кисть
bunches	кисти
bundestag	бундестаг
bundestags	бундестаги
bundle	пучок
bundles	пучки
bunk	койка
bunker	бункер
bunkers	бункера
bunks	койки
bunnies	зайчики
bunny	зайчик
buns	пучки
bunting	овсянка
buntings	овсянки
burden	бремя
burdens	грузы
bureau	бюро
bureaucracy	бюрократия
bureaucrat	чиновник
bureaucratic	ведомственный
bureaucrats	чиновники
bureaus	конторы
burglar	грабитель
burglars	грабители
burglary	ограбление
burial	похороны
burial-ground	кладбище
burials	похороны
burning	горение
burnings	горения
burrow	нора
burrows	норы
bus	автобус
bus-bar	шина
buses	автобусы
bush	куст
bushes	кусты
busheses	кустарники
bushing	гильза
bushings	гильзы
business	дело
business-like	деловой
businesses	дела
businessman	бизнесмен
businessmen	бизнесмены
bust	бюст
busts	бюсты
busy	занятый
butcher	мясник
butcheries	резни
butchers	мясники
butchery	резня
butler	дворецкий
butt	попа
butter	масло
butterflies	бабочки
butterfly	бабочка
butterfly-net	сетка
buttermilk	сыворотка
buttermilks	сыворотки
butters	масла
buttery	масляный
button	кнопка
buttons	кнопки
butts	попы
buyer	покупатель
buyers	покупатели
buzz	гул
buzzes	гулы
by-word	поговорка
bye-bye	бай-бай
bygone	давний
byzantine	византийский
cab	кабина
cabaret	кабаре
cabbage	капуста
cabbages	капусты
cabin	хижина
cabinet	кабинет
cabinets	кабинеты
cabins	хижины
cable	кабель
cables	кабели
cabs	кабины
cacao	какао
cache	тайник
caches	тайники
cactus	кактус
cactuses	кактусы
cadet	кадет
cadets	кадеты
cadre	кадры
caffeine	кофеин
caffeines	кофеины
cage	клетка
cages	клетки
cain	Каин
cake	торт
cakes	торты
calamities	бедствия
calamity	бедствие
calcium	кальций
calciums	кальции
calculation	учёт
calculations	учёты
calculator	калькулятор
calculators	калькуляторы
calculi	исчисления
calculus	исчисление
calendar	календарь
calendars	календари
calf	телец
calibre	калибр
calibres	калибры
call-up	призыв
caller	посетитель
callers	посетители
calmly	спокойно
calmness	спокойствие
calorie	калория
calories	калории
calves	тельцы
cam	палец
camel	верблюд
camels	верблюды
camera	фотоаппарат
cameras	фотоаппараты
camouflage	камуфляж
camouflages	камуфляжи
camp	лагерь
campaign	кампания
campaigns	кампании
camper	отдыхающий
campers	отдыхающи
camps	лагеря
cams	пальцы
canada	Канада
canadian	канадский
canadians	канадцы
canal	канал
canals	каналы
cancellation	отмена
cancellations	отмены
cancer	рак
cancerous	раковый
cancers	раки
candid	откровенный
candidacies	кандидатуры
candidacy	кандидатура
candidate	кандидат
candidates	кандидаты
candidly	откровенно
candies	конфеты
candle	свеча
candle-power	свеча
candles	свечи
candy	конфета
cane	трость
canes	трости
canine	собачий
canines	клыки
cannon	пушка
cannons	пушки
canoe	каноэ
canoes	челны
canon	канон
canons	каноны
cant	косяк
canteen	буфет
canteens	буфеты
cantilever	консоль
cantilevers	консоли
canto	песнь
cantos	песни
cants	косяки
canvas	картина
canvases	картины
canyon	каньон
canyons	каньоны
cap	шапка
capable	способный
capacities	ёмкости
capacity	ёмкость
cape	мыс
capes	мысы
capital	столица
capitalism	капитализм
capitalisms	капитализмы
capitalization	капитализация
capitalizations	капитализации
capitals	столицы
capitulation	капитуляция
capitulations	капитуляции
caprice	прихоть
caprices	прихоти
caps	шапки
capsule	капсула
capsules	капсулы
captain	капитан
captains	капитаны
caption	титр
captions	титры
captive	пленник
captives	пленники
captivities	неволи
captivity	неволя
car	машина
caravan	караван
caravans	караваны
carbine	карабин
carbines	карабины
carbohydrate	углевод
carbohydrates	углеводы
carbon	углерод
carbons	углероды
carcass	труп
carcasses	трупы
card	карта
card-reading	гадание
card-sharp	жулик
cardboard	картон
cardboards	картоны
cardiac	сердечный
cardinal	кардинал
cardinals	кардиналы
cards	карты
care	забота
career	карьера
careers	карьеры
careful	осторожный
carefully	осторожно
carelessly	небрежно
carelessness	халатность
carelessnesses	халатности
cares	заботы
caress	ласка
caresses	ласки
cargo	груз
cargoes	грузы
caricature	карикатура
caricatures	карикатуры
carnage	резня
carnages	резни
carnival	карнавал
carnivals	карнавалы
carp	карп
carpenter	плотник
carpenters	плотники
carpet	ковёр
carpets	ковры
carps	карпы
carriage	экипаж
carriage-and-three	тройка
carriages	экипажи
carrot	морковь
carrots	морковь
carrying-out	вынос
cars	машины
cart	воз
cart-load	воз
cartel	картель
cartels	картели
cartoon	мультфильм
cartoons	мультфильмы
cartridge	патрон
cartridge-case	гильза
cartridges	патроны
carts	возы
carving	резьба
cascade	каскад
cascades	каскады
case	случай
casement-window	окно
cases	случаи
cash	деньги
cash-desk	касса
cashes	деньги
cashier	кассир
cashiers	кассиры
casino	казино
cask	бочка
casket	шкатулка
caskets	шкатулки
casks	бочки
cassette	кассета
cassettes	кассеты
caste	каста
castes	касты
casting	литьё
castings	*литья
castingses	*литья
castle	замок
castles	замки
casually	небрежно
casualties	убыль
casualtieses	убыли
casualty	раненый
cat	кот
cat-of-nine-tails	кошки
catalogue	каталог
catalogues	каталоги
catalyst	катализатор
catalysts	катализаторы
cataract	водопад
cataracts	водопады
catastrophe	катастрофа
catastrophes	катастрофы
categorically	категорически
categories	категории
category	категория
caterer	поставщик
caterers	поставщики
caterpillar	гусеница
caterpillars	гусеницы
cathedral	собор
cathedrals	соборы
catholic	католический
catholics	католики
cats	коты
cattle	скот
cattle-breeding	скотоводство
cattle-plague	падёж
cattle-raising	скотоводство
cattle-rearing	животноводство
cattles	скоты
catwalk	подиум
catwalks	подиумы
caucasian	кавказский
caucasus	Кавказ
cauldron	казан
cauldrons	казаны
causal	причинный
causative	причинный
caution	предосторожность
cautions	предосторожности
cautious	осторожный
cautiously	осторожно
cavalier	кавалер
cavaliers	кавалеры
cavalries	кавалерии
cavalry	кавалерия
cave	пещера
cavern	пещера
caverns	пещеры
caves	пещеры
caviar	икра
caving-in	обвал
cavities	полости
cavity	полость
cedar	кедр
cedars	кедры
ceiling	потолок
ceilings	потолки
celebration	празднование
celebrations	празднования
celebrationses	торжества
celebrities	знаменитости
celebrity	знаменитость
celeries	сельдереи
celery	сельдерей
celestial	небесный
cell	камера
cellar	подполье
cellars	подполья
cello	виолончель
cellos	виолончели
cells	камеры
cellular	клеточный
cement	цемент
cements	цементы
cemeteries	кладбища
cemetery	кладбище
censorship	цензура
census	перепись
censuses	переписи
cent	цент
centenaries	столетия
centenary	столетний
centennial	столетний
centennials	столетия
center	центр
centers	центры
centimetre	сантиметр
centimetres	сантиметры
central	центральный
centralization	централизация
centralizations	централизации
centre	центр
centres	центры
cents	центы
centuries	века
century	век
ceramic	керамический
ceramics	керамика
ceramicses	керамики
cereals	злаки
cerealses	злаки
cerebral	мозговой
ceremonial	торжественный
ceremonies	церемонии
ceremony	церемония
certain	уверенный
certainly	конечно
certainty	уверенность
certificate	сертификат
certificates	сертификаты
certification	удостоверение
certifications	удостоверения
cessation	прекращение
cessations	прекращения
chain	цепь
chains	цепи
chair	кафедра
chairman	председатель
chairmanship	председательство
chairmanships	председательства
chairmen	председатели
chairs	кафедры
chalice	чаша
chalices	чаши
chalk	мел
challenge	вызов
challenger	претендент
challengers	претенденты
challenges	вызовы
chamber	палата
chambers	палаты
champagne	шампанское
champion	чемпион
champions	чемпионы
championship	чемпионат
championships	чемпионаты
chance	шанс
chancellor	канцлер
chancellors	канцлеры
chances	шансы
chandelier	люстра
chandeliers	люстры
change-lever	переводчик
channel	канал
channels	каналы
chaos	хаос
chaoses	хаосы
chap	парень
chapel	часовня
chapels	часовни
chaps	парни
chapter	глава
chapters	главы
character	характер
characteristic	характеристика
characteristically	характерно
characteristics	характеристики
characteristicses	*свойства
characters	характеры
charitable	благотворительный
charities	милости
charity	благотворительность
charm	прелесть
charms	прелести
chart	схема
charter	устав
charters	уставы
charts	схемы
chasm	бездна
chasms	бездны
chassis	шасси
chassises	рамы
chauffeur	шофёр
cheap	дешёвый
cheaply	дёшево
chechen	чеченский
chechens	чеченцы
chechnya	Чечня
check-up	проверка
checkmate	мат
checkmates	маты
cheek	щека
cheek-bone	скула
cheeks	щёки
cheeky	дерзкий
cheerful	весёлый
cheerfully	бодро
cheese	сыр
cheeses	сыры
chef	шеф-повар
chefs	повара
chemical	химический
chemist	химик
chemistries	химии
chemistry	химия
chemists	химики
cherries	вишня
cherrieses	вишни
cherry	вишнёвый
cherry-coloured	вишнёвый
chess	шахматы
chess-man	фигура
chess-men	шахматы
chesses	шахматы
chest	сундук
chestnut	рыжий
chests	сундуки
chewing	жвачка
chewing-gum	жвачка
chewings	жвачки
chic	шикарный
chick	цыплёнок
chicken	курица
chickens	куры
chicks	цыплята
chief	шеф
chieflies	главные
chiefly	главное
chiefs	шефы
child	ребёнок
childbirth	роды
childbirths	роды
childhood	детство
childish	детский
childlike	детский
children	дети
childrens	ребята
chilly	свежо
chime	звон
chimes	звоны
chimney	паровоз
chimneys	паровозы
chimpanzee	шимпанзе
chin	подбородок
china	китай
chinas	фарфоры
chinese	китаец
chineses	китайцы
chink	скважина
chinks	скважины
chins	подбородки
chip	фишка
chips	фишки
chirp	писк
chirps	писки
chocolate	шоколад
chocolates	шоколады
choice	выбор
choices	выборы
choir	капелла
choirs	капеллы
cholera	холера
choleras	холеры
cholesterol	холестерин
cholesterols	холестерины
choral	хоровой
chord	аккорд
chords	аккорды
choreographer	хореограф
choreographers	хореографы
chorus	хор
choruses	хоры
christ	Христос
christian	христианин
christianities	христианства
christianity	христианство
christians	христиане
christmas	рождество
christmases	рождества
christs	Христы
chromosome	хромосома
chromosomes	хромосомы
chronic	хронический
chronicle	летопись
chronicler	летописец
chroniclers	летописцы
chronicles	летописи
chronological	хронологический
chronologies	хронологии
chronology	хронология
chrysalis	куколка
chrysalises	куколки
church	церковь
churches	церкви
chute	лоток
chutes	лотки
cigar	сигара
cigarette	сигарета
cigarette-butt	бычок
cigarette-paper	гильза
cigarettes	сигареты
cigars	сигары
cinder	гарь
cinderella	золушка
cinderellas	золушки
cinders	гари
cinema	кино
cinemas	кинотеатры
cinematographies	кинематографии
cinematography	кинематография
cinnamon	корица
cinnamons	корицы
cipher	шифр
ciphers	шифры
circle	круг
circles	круги
circuit	сеть
circuits	сети
circular	круговой
circulation	обращение
circulations	обращения
circumcision	обрезание
circumcisions	обрезания
circumference	окружность
circumferences	окружности
circumstance	обстоятельство
circumstances	обстоятельства
circus	цирк
circuses	цирки
cistern	цистерна
cisterns	цистерны
citadel	кремль
citadels	кремли
citation	цитата
citations	цитаты
cities	города
citizen	гражданин
citizens	граждане
citizenship	гражданство
citizenships	гражданства
city	город
city-dweller	горожанин
civil	гражданский
civilian	гражданский
civility	вежливость
civilization	цивилизация
civilizations	цивилизации
claim	заявка
claimant	претендент
claimants	претенденты
claims	заявки
clamp	держатель
clan	клан
clandestine	тайный
clans	кланы
claret	бордо
clarion	рожок
clarions	рожки
clasp-knife	нож
class	класс
class-mate	одноклассник
class-room	класс
classes	классы
classic	классический
classical	античный
classics	классики
classicses	классики
classification	классификация
classifications	классификации
classy	классный
clause	положение
clauses	положения
claw	коготь
claws	когти
clay	глина
clays	глины
clean-up	чистка
cleanliness	чистота
cleanly	чисто
cleanup	очищение
cleanups	очищения
clear	понятно
clear-cut	чёткий
clearing	прояснение
clearings	прояснения
clearly	ясно
clemencies	милосердия
clemency	милосердие
clergies	духовенства
clergy	духовенство
clergyman	священник
clergymen	священники
clerk	клерк
clerks	клерки
clever	умный
cleverly	разумно
cliche	клише
cliches	стандарты
click	щелчок
clicks	щелчки
client	клиент
clients	клиенты
cliff	обрыв
cliffs	обрывы
climate	климат
climates	климаты
climatic	климатический
climax	апогей
climaxes	апогеи
clinic	клиника
clinical	клинический
clinics	клиники
clipper	машинка
clippers	машинки
clique	лавочка
cliques	лавочки
cloak	плащ
cloak-room	гардероб
cloaks	плащи
clock	часовой
cloister	монастырь
cloisters	монастыри
close-fitting	прилегающий
closely	тщательно
closeness	близость
closer	ближе
closest	ближайший
closing	закрытие
closings	закрытия
clot	сгусток
cloth	ткань
cloth-cap	кепка
clothes	одежда
clothes-boiler	бак
clotheses	одежды
cloths	ткани
clots	сгустки
cloud	облако
cloud-burst	ливень
clouds	облака
cloudy	облачный
clover	клевер
clovers	клевера
clown	клоун
clowns	клоуны
club	клуб
club-house	клуб
clubs	клубы
clue	ключ
clues	ключи
clump	группа
clumps	группы
cluster	группа
clusters	группы
co-author	соавтор
co-authorship	соавторство
co-chairman	сопредседатель
co-designer	соавтор
co-operation	кооперация
co-ordination	координация
co-ordinator	координатор
coach	тренер
coach-box	козлы
coaches	тренеры
coachman	кучер
coachmans	кучера
coal	уголь
coalition	коалиция
coalitions	коалиции
coals	угли
coast	берег
coastal	прибрежный
coasts	берега
coat	пальто
coat-breast	борт
coats	пиджаки
cob	лебедь
cob-swan	лебедь
cobalt	кобальт
cobra	кобра
cobras	кобры
cobs	лебеди
coca-cola	кока-кола
cocaine	кокаин
cocaines	кокаины
cock	петух
cockroach	таракан
cockroaches	тараканы
cocks	петухи
cocktail	коктейль
cocktails	коктейли
cocoa	какао
cocoon	кокон
cocoons	коконы
code	код
codes	коды
codex	кодекс
codices	кодексы
coefficient	коэффициент
coefficients	коэффициенты
coercion	насилие
coercions	насилия
coffee	кофе
coffee-house	кафе
coffin	гроб
coffins	гробы
cognac	коньяк
cognacs	коньяки
cognition	познание
cognitions	познания
cognitive	познавательный
coherent	связный
cohesion	сцепление
cohesions	сцепления
coil	виток
coils	витки
coin	монета
coincidence	совпадение
coincidences	совпадения
coins	монеты
coke	кокс
cokes	коксы
cold	холодно
coldly	холодно
coldness	холод
coldnesses	холода
colds	холода
collaboration	участие
collaborations	участия
collaborator	сотрудник
collaborators	сотрудники
collage	коллаж
collages	коллажи
collapsible	сборный
collar	воротник
collars	воротники
collateral	залог
collaterals	залоги
colleague	коллега
colleagues	коллеги
collection	сборник
collections	сборники
collective	коллектив
collectives	коллективы
collector	коллекционер
collectors	коллекционеры
college	колледж
colleges	колледжи
collision	столкновение
colloquial	разговорный
collusion	сговор
collusions	сговоры
colonel	полковник
colonel-general	генерал-полковник
colonels	полковники
colonial	колониальный
colonies	колонии
colonist	колонист
colonists	колонисты
colonization	колонизация
colonizations	колонизации
colony	колония
color	цвет
coloration	окраска
colorations	окраски
colors	цвета
colossal	колоссальный
colourful	красочный
colourless	бледный
colt	жеребец
colts	жеребцы
column	колонна
columnist	обозреватель
columnists	обозреватели
columns	колонны
coma	кома
comas	комы
comb	гребень
combatant	строевой
combination	сочетание
combinations	сочетания
combinationses	комбинации
combing-out	чистка
combs	гребни
combustion	сгорание
combustions	сгорания
come-down	унижение
comedies	комедии
comedy	комедия
comet	комета
comets	кометы
comfortable	удобный
comfortably	удобно
comfy	уютный
comic	комедийный
comically	смешно
comics	комики
comma	запятая
commandant	комендант
commandants	коменданты
commander	командир
commander-in-chief	главнокомандующий
commanders	командиры
commandment	заповедь
commandments	заповеди
commas	запятые
commencement	начало
commencements	начала
commentaries	репортажи
commentary	репортаж
commentator	комментатор
commentators	комментаторы
commerce	торговля
commerces	торговли
commercial	торговый
commissar	комиссар
commissars	комиссары
commission	комиссия
commissioner	уполномоченный
commissioners	комиссары
commissions	комиссии
commitment	обязательство
commitments	обязательства
committee	комитет
committees	комитеты
commodities	товары
commodity	товар
commodore	командор
commodores	командоры
common	общий
commonly	обычно
commonplace	пошлость
commonplaces	пошлости
commonwealth	государство
commonwealths	государства
commotion	переполох
commotions	переполохи
communal	коммунальный
commune	коммуна
communes	коммуны
communication	коммуникация
communications	коммуникации
communion	причастие
communion-table	престол
communions	причастия
communique	коммюнике
communism	коммунизм
communist	коммунистический
communists	коммунисты
communities	общины
community	община
compact	плотный
compacts	уговоры
companies	компании
companion	спутник
companion-in-arms	соратник
companions	спутники
company	компания
comparative	сравнительный
comparatively	сравнительно
comparison	сравнение
comparisons	сравнения
compartment	купе
compartments	отделения
compass	компас
compasses	компасы
compassion	жалость
compassions	сострадания
compatibilities	совместимости
compatibility	совместимость
compatible	совместимый
compatriot	соотечественник
compatriots	соотечественники
compensation	компенсация
compensations	компенсации
competence	компетенция
competences	компетенции
competent	ориентированный
competently	грамотно
competition	конкуренция
competitions	конкуренции
competitive	конкурсный
competitiveness	конкурентоспособность
competitivenesses	конкурентоспособности
competitor	конкурент
competitors	конкуренты
compiler	составитель
compilers	составители
complaint	жалоба
complaints	жалобы
complement	комплект
complements	комплекты
completely	совсем
completeness	полнота
completion	завершение
completions	завершения
complex	комплекс
complexes	комплексы
complexities	сложности
complexity	сложность
compliance	соответствие
compliances	соответствия
complication	сложность
complications	сложности
complicities	соучастия
complicity	соучастие
component	компонент
components	компоненты
composer	композитор
composers	композиторы
composite	составной
composition	состав
compositions	составы
composure	спокойствие
compound	соединение
compounds	соединения
comprehension	познание
comprehensions	познания
comprehensive	всесторонний
comprehensively	всесторонне
compression	сжатие
compressions	сжатия
compressor	компрессор
compressors	компрессоры
compromise	компромисс
compromises	компромиссы
compulsion	принуждение
compulsions	принуждения
compulsory	принудительный
computer	компьютер
computers	компьютеры
comrade	товарищ
comrades	товарищи
concealment	сокрытие
concealments	сокрытия
conceit	тщеславие
conceits	тщеславия
concentration	концентрация
concentrations	концентрации
concept	идея
conception	концепция
conceptions	концепции
concepts	идеи
concern	участие
concerns	участия
concert	концерт
concerted	согласованный
concerto	концерт
concertos	концерты
concerts	концерты
concession	уступка
concessions	уступки
conciliation	примирение
conciliations	примирения
concise	краткий
conclusion	вывод
conclusions	выводы
conclusive	заключительный
concomitant	спутник
concomitants	спутники
concord	содружество
concords	содружества
concrete	бетон
concussion	сотрясение
concussions	сотрясения
condemnation	приговор
condemnations	приговоры
condensate	конденсат
condensates	конденсаты
condenser	холодильник
condensers	холодильники
condition	условие
conditional	условный
conditionally	условно
conditioning	кондиционирование
conditions	условия
condolence	соболезнование
condolences	соболезнования
condom	презерватив
condoms	презервативы
conductivities	проводимости
conductivity	проводимость
conductor	дирижёр
conductors	дирижёры
conduit	трубопровод
conduits	трубопроводы
cone	шишка
cones	шишки
confederacies	конфедерации
confederacy	конфедерация
confederate	единомышленник
confederates	единомышленники
confederation	конфедерация
confederations	конфедерации
conference	конференция
conferences	конференции
confession	исповедь
confessions	исповеди
confidant	поверенный
confidence	уверенность
confidences	доверия
confident	уверенный
confidential	секретный
confidently	уверенно
configuration	конфигурация
configurations	конфигурации
confinement	заключение
confinements	заключения
confirmation	подтверждение
confirmations	подтверждения
confiscation	конфискация
confiscations	конфискации
conflagration	пожар
conflagrations	пожары
conflict	конфликт
conflicts	конфликты
confluence	слияние
confluences	слияния
conformation	конфигурация
conformations	конфигурации
conformities	соответствия
conformity	соответствие
confrontation	конфронтация
confrontations	конфронтации
confusion	путаница
confusions	путаницы
congestion	прилив
congestions	приливы
congratulation	поздравление
congratulations	поздравления
congress	съезд
congress-man	конгрессмен
congresses	съезды
coniferous	хвойный
conjugal	брачный
conjugate	парный
conjunction	союз
conjunctions	союзы
connection	связь
connections	связи
connoisseur	знаток
connoisseurs	знатоки
conqueror	победительница
conquerors	победительницы
conquest	завоевание
conquests	завоевания
conscience	совесть
consciences	совести
conscientious	добросовестный
consciously	сознательно
consciousness	сознание
consciousnesses	сознания
conscription	призыв
conscriptions	призывы
consecutive	последовательный
consecutively	последовательно
consequence	последствие
consequences	последствия
consequent	последующий
consequently	следовательно
conservation	сохранение
conservations	сохранения
conservatism	консерватизм
conservatisms	консерватизмы
conservative	консервативный
conservatives	консерваторы
conservatories	консерватории
conservatory	консерватория
considerable	значительный
considerably	значительно
considerate	заботливый
consideration	внимание
considerations	внимания
consignment	транспорт
consignments	транспорты
consistencies	последовательности
consistency	последовательность
consistent	последовательный
consolation	утешение
consolations	утешения
consolidation	консолидация
consolidations	консолидации
consonant	согласный
consortium	консорциум
consortiums	консорциумы
conspicuous	видный
conspiracies	заговоры
conspiracy	заговор
conspirator	заговорщик
conspirators	заговорщики
constant	постоянный
constantine	константин
constantines	Константины
constantly	постоянно
constants	константы
constellation	созвездие
constellations	созвездия
constituencies	избиратели
constituency	избиратель
constituent	учредительный
constitution	конституция
constitutional	конституционный
constitutions	конституции
constitutive	учредительный
constraint	насилие
constraints	насилия
construction	проведение
constructions	проведения
constructive	конструктивный
constructor	конструктор
constructors	конструкторы
consul	консул
consular	консульский
consulate	консульство
consulates	консульства
consultant	консультант
consultants	консультанты
consultation	консультация
consultations	консультации
consultative	консультативный
consumer	потребитель
consumers	потребители
consumption	потребление
consumptions	потребления
contact	контакт
contacts	контакты
contagion	инфекция
contagions	инфекции
container	контейнер
containers	контейнеры
contamination	загрязнение
contaminations	загрязнения
contemporaries	современники
contemporary	современник
contempt	презрение
contemptible	ничтожный
contempts	презрения
contender	претендент
contenders	претенденты
content	контент
contents	контенты
contest	конкурс
contests	конкурсы
context	контекст
contexts	контексты
contiguous	сопредельный
continent	континент
continental	континентальный
continents	континенты
contingent	контингент
contingents	контингенты
continually	постоянно
continuation	продолжение
continuity	преемственность
continuous	сплошной
continuously	беспрерывно
contour	контур
contours	контуры
contra-indication	противопоказание
contraband	контрабанда
contrabands	контрабанды
contract	контракт
contraction	сведение
contractions	схватки
contractionses	схватки
contractor	подрядчик
contractors	подрядчики
contracts	контракты
contractual	договорный
contradiction	противоречие
contradictions	противоречия
contradictory	противоречивый
contrary	противоположный
contrast	противоположность
contrasts	противоположности
contribution	вклад
contributions	вклады
controller	контроллер
controllers	контроллеры
controversies	полемики
controversy	полемика
conundrum	головоломка
conundrums	головоломки
convenience	удобство
conveniences	удобства
convenient	удобно
convent	монастырь
convention	конвенция
conventional	общепринятый
conventions	конвенции
convents	монастыри
conversation	разговор
conversations	разговоры
conversely	обратно
conversion	перевод
conversions	переводы
converter	преобразователь
converters	преобразователи
convex	выпуклый
conveyance	перевозка
conveyances	перевозки
conveyor	конвейер
conveyors	конвейеры
convict	осуждённый
conviction	осуждение
convictions	судимость
convictionses	судимости
convicts	заключённые
convocation	созыв
convocations	созывы
cook-house	кухня
cooker	плита
cookeries	кулинарии
cookers	плиты
cookery	кулинария
cookie	печенье
cookies	печенья
cool	крутой
coolly	хладнокровно
coolness	охлаждение
coolnesses	свежести
coon	енот
coons	еноты
coop	клетка
cooper	бочар
cooperation	сотрудничество
cooperations	сотрудничества
coopers	бочары
coops	клетки
cop	мент
copenhagen	Копенгаген
copies	копии
copper	медь
copper-coloured	медно-красный
coppers	меди
cops	менты
copy	копия
copy-book	тетрадь
cord	шнур
cordial	тёплый
cordially	тепло
cordon	кордон
cordons	кордоны
cords	верёвки
core	ядро
cores	ядра
cork	пробка
corks	пробки
corkscrew	штопор
corkscrews	штопоры
corn	кукуруза
corner	угол
corners	углы
cornfield	нива
cornfields	нивы
corns	кукурузы
corollaries	следствия
corollary	следствие
corona	корона
coronas	короны
coronation	коронация
coronations	коронации
corporal	телесный
corporals	капралы
corporation	корпорация
corporations	корпорации
corporeal	телесный
corps	корпус
corpse	мертвец
corpses	мертвецы
correction	коррекция
correctional	исправительный
corrections	коррекции
corrective	исправительный
correctly	грамотно
correctness	справедливость
correctnesses	справедливости
correlation	соотношение
correlations	соотношения
correspondence	соответствие
correspondences	соответствия
correspondent	корреспондент
correspondents	корреспонденты
correspondingly	соответственно
corridor	коридор
corridors	коридоры
corroboration	подтверждение
corroborations	подтверждения
corrosion	коррозия
corrosion-resistant	нержавеющий
corrosions	коррозии
corruption	коррупция
corruptions	грязи
corset	корсет
corsets	корсеты
cortex	кора
cosmetic	косметический
cosmetics	косметика
cosmeticses	косметики
cosmic	космический
cosmonaut	космонавт
cosmonauts	космонавты
cosmos	космос
cosmoses	космосы
cossack	казак
cossacks	казаки
cossackses	казачества
costly	дорогой
costume	костюм
costumes	костюмы
cosy	удобный
cot	койка
cots	койки
cottage	домик
cottages	домики
cotton	хлопок
cottons	хлопки
couch	диван
couches	диваны
cough	кашель
coughs	кашли
council	совет
councillor	советник
councillors	советники
councils	советы
counsel	совет
counsellor	советник
counsellors	советники
counsels	советы
countenance	мина
countenances	мины
counter	фишка
counter-attack	контратака
counter-espionage	контрразведка
counter-intelligence	контрразведка
counter-offensive	контрнаступление
counter-revolutionary	контра
counterbalance	противовес
counterbalances	противовесы
counterfeit	фальсификация
counterfeits	фальсификации
counters	фишки
countess	графиня
countesses	графини
counties	графства
counting-house	бухгалтерия
countries	страны
country	страна
country-cottage	дача
countryside	природа
countrysides	природы
county	графство
coup	переворот
couple	пара
couples	пары
couplet	куплет
couplets	куплеты
coupon	купон
coupons	купоны
coups	перевороты
courage	мужество
courageous	отважный
courages	мужества
courier	курьер
couriers	курьеры
course	курс
courses	курсы
court	суд
court-card	фигура
courteous	вежливый
courtesy	вежливость
courtier	придворный
courts	суды
courtyard	двор
courtyards	дворы
cousin	кузина
cousins	кузины
cove	залив
covenant	соглашение
covenants	соглашения
covering	покрытие
coverings	покрытия
covert	тайный
covertly	секретно
coves	заливы
cow	корова
coward	трус
cowardice	трусость
cowardices	трусости
cowards	трусы
cowboy	ковбой
cowboys	ковбои
cowl	капот
cowls	капоты
cows	коровы
crab	краб
crabs	крабы
cradle	колыбель
cradles	колыбели
craftsman	ремесленник
craftsmanship	искусство
craftsmanships	искусства
craftsmen	ремесленники
crafty	коварный
cramp	судорога
cramps	судороги
crane	журавль
cranes	журавли
cranium	череп
craniums	черепа
crank	чудак
cranks	чудаки
crap	хрень
crash	крах
crashes	крахи
crater	кратер
craters	кратеры
crawfish	рак
crawfishes	раки
crayfish	рак
crayfishes	раки
crazy	сумасшедший
cream	крем
creamery	молочная
creams	кремы
creamy	сливочный
crease	складка
creases	складки
creation	создание
creations	создания
creative	творческий
creator	создатель
creators	создатели
creature	существо
creatures	*существа
creatureses	твари
credit	кредит
creditor	кредитор
creditors	кредиторы
credits	кредиты
credo	кредо
creed	верование
creeds	верования
creek	залив
creeks	заливы
crescent	полумесяц
crescents	полумесяцы
crest	хохол
crests	хохлы
crib	ясли
cribs	ясли
cricket	сверчок
crickets	сверчки
cries	крики
crime	преступление
crimea	Крым
crimean	крымский
crimes	преступления
criminal	уголовный
criminalities	преступности
criminality	преступность
criminals	преступники
crimson	алый
crises	кризисы
crisis	кризис
criteria	критерии
criterion	критерий
critic	критик
critical	критический
criticism	критика
criticisms	критики
critics	критики
critique	критика
critiques	критики
croat	хорват
croatia	Хорватия
croats	хорваты
crock	посуда
crockery	посуда
crocodile	крокодил
crocodiles	крокодилы
crop	урожай
crops	урожаи
cross	крест
cross-cut	поперечный
crossbow	арбалет
crossbows	арбалеты
crosses	кресты
crossing	пересечение
crossings	пересечения
crossroads	перекрёсток
crossroadses	перекрёстки
crow	лом
crowbar	лом
crowbars	ломы
crowd	толпа
crowds	толпы
crown	корона
crowns	короны
crows	ломы
crozier	жезл
croziers	жезлы
crucial	ответственный
crucifix	распятие
crucifixes	распятия
crucifixion	распятие
crucifixions	распятия
crude	нефть
crudely	грубо
crudes	нефти
cruelly	жестоко
cruelties	жестокости
cruelty	жестокость
cruise	круиз
cruiser	крейсер
cruisers	крейсера
cruises	круизы
crumb	крошка
crumbs	крошки
crunch	хруст
crunches	хрусты
crush-room	фойе
crust	кора
crusts	корки
cry	крик
cry-baby	рёва
crypt	склеп
crypts	склепы
crystal	кристалл
crystal-clear	хрустальный
crystals	кристаллы
cub	щенок
cuba	Куба
cuban	кубинский
cube	куб
cubes	кубы
cubic	кубический
cubs	щенки
cuckoo	кукушка
cuckoos	кукушки
cucumber	огурец
cucumbers	огурцы
cue	реплика
cues	реплики
cuff	удар
cuffs	удары
cuisine	блюдо
cuisines	блюда
cul-de-sac	тупик
culinary	кулинарный
culmination	кульминация
culminations	кульминации
culpabilities	виновности
culpability	виновность
culprit	виновник
culprits	виновники
cult	культ
cultivation	разработка
cultivations	разработки
cults	культы
cultural	культурный
culture	культура
cultures	культуры
cunning	хитрость
cunnings	хитрости
cup	чашка
cupboard	шкаф
cupboards	шкафы
cupola	глава
cupolas	главы
cupping-glass	банка
cups	чашки
cur	ублюдок
curator	куратор
curators	кураторы
curiosities	любопытства
curiosity	любопытство
curious	любопытный
currant	смородина
currants	смородины
currencies	валюты
currency	валюта
current	текущий
currents	течения
curs	ублюдки
curse	проклятье
curtain	занавес
curtains	занавесы
curve	кривая
curves	кривые
cushion	борт
cushions	борта
custodian	хранитель
custodians	хранители
custody	хранение
custom	таможенный
custom-house	таможня
customary	обычный
customer	заказчик
customers	заказчики
customs	порядок
customses	порядки
cut-back	сокращение
cut-glass	хрустальный
cut-out	пробка
cutaneous	кожный
cute	милый
cutleries	приборы
cutlery	прибор
cutter	тендер
cutters	тендеры
cutting	обрезание
cutting-off	выключение
cuttings	обрезания
cv	резюме
cycle	цикл
cycles	циклы
cyclist	велосипедист
cyclists	велосипедисты
cyclone	циклон
cyclones	циклоны
cylinder	цилиндр
cylinders	цилиндры
cylindrical	цилиндрический
cymbals	тарелка
cymbalses	тарелки
cynicism	цинизм
cypher	шифр
cyphers	шифры
czar	царь
czars	цари
czech	чех
czeches	чехи
dad	папа
dad's	папин
daddies	папочки
daddy	папочка
dads	папы
daffodil	нарцисс
daffodils	нарциссы
dagestan	дагестанский
dagger	кинжал
daggers	кинжалы
dailies	газеты
daily	ежедневно
dainty	тонкий
dairy	молочная
dais	возвышение
daises	возвышения
dalai-lama	далай-лама
dale	дол
dales	долы
dam	дамба
damage	урон
damnation	проклятие
damp	сыро
dams	дамбы
damsel	девица
damsels	девицы
dancer	танцор
dancers	танцоры
dandies	красавчики
dandy	красавчик
dane	датчанин
danes	датчане
danger	опасность
dangerous	опасный
dangerously	опасно
dangers	опасности
danish	датский
dark	темно
dark-blue	тёмно-синий
dark-brown	карий
dark-chestnut	карий
dark-red	тёмно-красный
darkness	темнота
darknesses	тьмы
darks	тьмы
darling	родной
dash	тире
dashes	рывки
data	данные
datas	данные
date	дата
dates	даты
daughter	дочь
daughter-in-law	невестка
daughters	дочери
dawn	рассвет
dawns	рассветы
day	день
day-dream	мечта
day-dreamer	мечтатель
daybreak	заря
daybreaks	зори
daydream	грёза
daydreams	грёзы
days	дни
deacon	дьякон
deacons	дьяконы
dead	мёртвый
deadline	срок
deadlines	сроки
deadlock	тупик
deadlocks	тупики
deadly	смертный
deaf	глухой
dealer	торговец
dealers	торговцы
dealings	делишки
dealingses	делишки
dean	декан
deans	деканы
dear	родной
dearly	дорого
dearth	голод
death	смерть
death-agony	агония
death-rate	смертность
deaths	смерти
debatable	спорный
debate	дебаты
debates	дебаты
debaucheries	развраты
debauchery	разврат
debris	мусор
debt	долг
debtor	должник
debtors	должники
debts	долги
debtses	задолженности
debut	дебют
debuts	дебюты
decade	десяток
decadence	упадок
decadences	упадки
decades	десятки
decay	распад
decays	распады
deceitful	лживый
deceleration	замедление
decelerations	замедления
december	декабрь
decembers	декабри
decencies	приличия
decency	приличие
decent	приличный
decently	прилично
decentralization	децентрализация
decentralizations	децентрализации
deception	обман
deceptions	обманы
decidedly	решительно
decision	решение
decisions	решения
decisive	решающий
deck	палуба
deck-cabin	рубка
decks	палубы
declaration	объявление
declarations	объявления
decomposition	разложение
decompositions	разложения
decor	декор
decoration	награда
decorations	награды
decorative	декоративный
decors	декоры
decorum	приличие
decorums	приличия
decree	указ
decrees	указы
decrepit	ветхий
dedication	посвящение
dedications	посвящения
deduction	отчисление
deductions	отчисления
deed	деяние
deeds	деяния
deep	глубоко
deep-blue	тёмно-синий
deep-sea	глубинный
deep-voiced	басистый
deep-water	глубоководный
deeply	глубоко
deer	олень
defeat	поражение
defeats	поражения
defect	дефект
defects	дефекты
defence	оборона
defences	обороны
defenceses	обороны
defendant	ответчик
defendants	ответчики
defender	защитник
defenders	защитники
defensive	оборонительный
deference	почтение
defiance	вызов
defiances	вызовы
defiant	вызывающий
deficiencies	дефициты
deficiency	дефицит
deficit	дефицит
deficits	дефициты
definitely	определённо
definition	определение
definitions	определения
definitive	окончательный
deflection	отклонение
deflections	отклонения
deformation	деформация
deformations	деформации
deformities	уродства
deformity	уродство
deft	ловкий
degeneration	перерождение
degenerations	перерождения
degradation	деградация
degradations	деградации
degree	степень
degrees	степени
deities	божества
deity	божество
delegate	делегат
delegates	делегаты
delegation	делегация
delegations	делегации
deliberate	рассчитанный
deliberately	умышленно
deliberation	совещание
deliberations	совещания
delicacies	нежности
delicacy	нежность
delicate	тонкий
delicately	деликатно
delicious	вкусно
delight	наслаждение
delightful	восхитительный
delights	наслаждения
delinquencies	правонарушения
delinquency	правонарушение
delirium	бред
deliverance	избавление
deliverances	избавления
deliveries	поставки
delivery	поставка
delta	дельта
deltas	дельты
deluge	потоп
deluges	потопы
delusion	обман
delusions	обманы
demarcation	разграничение
demarcations	разграничения
demise	кончина
demises	кончины
democracies	демократии
democracy	демократия
democrat	демократ
democratic	демократический
democratization	демократизация
democratizations	демократизации
democrats	демократы
demographies	демографии
demography	демография
demolition	разрушение
demolitions	разрушения
demon	демон
demons	демоны
demonstration	демонстрация
demonstrations	демонстрации
demonstrative	показательный
demonstrator	демонстрант
demonstrators	демонстранты
demotion	снижение
demotions	снижения
den	логово
denial	отрицание
denials	отрицания
denmark	Дания
denomination	наименование
denominations	наименования
dens	логова
dense	густой
densely	густо
densities	плотности
density	плотность
dental	зубной
dentist	стоматолог
dentists	стоматологи
denunciation	донос
denunciations	доносы
department	отдел
departmental	ведомственный
departments	отделы
departure	выезд
departures	выезды
dependable	надёжный
dependent	зависимый
deplorable	прискорбный
deployment	разворот
deployments	развороты
deportation	депортация
deportations	депортации
deposit	месторождение
deposition	показание
depositions	показания
depositories	хранилища
depository	хранилище
deposits	месторождения
depot	депо
depots	парки
depravities	развраты
depravity	разврат
depreciation	девальвация
depreciations	девальвации
depression	депрессия
depressions	депрессии
deprivation	лишение
deprivations	лишения
depth	глубина
depths	глубины
deputies	замы
deputy	зам
derangement	срыв
derangements	срывы
derbies	котелки
derby	дерби
derelict	заброшенный
derivative	производный
derivatives	производные
descendant	потомок
descendants	потомки
descendantses	потомства
descent	происхождение
descents	происхождения
description	описание
descriptions	описания
desert	пустыня
deserts	пустыни
deservedly	заслуженно
designation	обозначение
designations	обозначения
designer	дизайнер
designers	дизайнеры
desk	пульт
desks	пульты
despair	отчаяние
despairs	отчаяния
desperate	отчаянный
desperately	отчаянно
despite	несмотря
despondent	унылый
dessert	десерт
desserts	десерты
destinies	предназначения
destiny	предназначение
destroyer	истребитель
destroyers	истребители
destruction	уничтожение
destructions	уничтожения
detachment	партия
detachments	партии
detail	деталь
details	детали
detection	обнаружение
detections	обнаружения
detective	детектив
detectives	детективы
detector	детектор
detectors	детекторы
detention	задержание
detentions	задержания
deterioration	снижение
deteriorations	снижения
determinant	определитель
determinants	определители
determination	определение
determinations	определения
detour	крюк
detours	крюки
detriment	ущерб
detriments	ущербы
detritus	щебень
detrituses	щебни
deuce	чёрт
deuces	черти
devaluation	девальвация
devaluations	девальвации
devastation	разгром
devastations	разгромы
developer	разработчик
developers	разработчики
development	развитие
developments	развития
deviation	отклонение
deviations	отклонения
device	устройство
devices	устройства
devil	дьявол
devilish	чёртов
devils	дьяволы
devonian	девон
devonians	девоны
devotion	преданность
devotions	преданности
dew	роса
dews	росы
dexterities	ловкости
dexterity	ловкость
diabetes	диабет
diagnoses	диагнозы
diagnosis	диагноз
diagnostic	диагностический
diagonal	диагональ
diagonals	диагонали
diagram	схема
diagrams	схемы
dialect	диалект
dialects	диалекты
dialogue	диалог
dialogues	диалоги
diameter	диаметр
diameters	диаметры
diametrically	диаметрально
diamond	алмаз
diamonds	алмазы
diaper	подгузник
diapers	подгузники
diaphragm	диафрагма
diaphragms	диафрагмы
diaries	дневники
diarrhea	понос
diarrheas	поносы
diary	дневник
dick	хуй
dickey	козлы
dickeys	козлы
dickies	вставки
dicky	вставка
dicky-tie	бабочка
dictation	диктант
dictations	диктанты
dictator	диктатор
dictators	диктаторы
dictatorship	диктатура
dictatorships	диктатуры
dictionaries	словари
dictionary	словарь
diesel	дизельный
diesel-electric	дизель-электрический
diet	диета
diets	диеты
difference	отличие
differences	отличия
different	разный
differentiation	разграничение
differentiations	разграничения
differently	по-другому
difficult	трудно
difficulties	труды
difficulty	труд
diffusion	распространение
diffusions	распространения
digestion	пищеварение
digestions	пищеварения
digital	цифровой
dignities	достоинства
dignity	сан
dike	плотина
dikes	плотины
dilapidated	ветхий
dilation	расширение
dilations	расширения
dilemma	дилемма
dilemmas	дилеммы
diligence	старание
diligences	старания
diligently	усердно
dill	укроп
dim	серый
dim-wit	тупица
dime	монетка
dimension	измерение
dimensions	размер
dimensionses	размеры
dimes	монетки
dimly	смутно
din	гам
dinghies	тузы
dinghy	туз
dining-hall	столовая
dining-room	столовая
dinner	обед
dinners	обеды
dinosaur	динозавр
dinosaurs	динозавры
dins	грохоты
diocese	епархия
dioceses	епархии
diploma	диплом
diplomacies	дипломатии
diplomacy	дипломатия
diplomas	дипломы
diplomat	дипломат
diplomatic	дипломатический
diplomats	дипломаты
direction	направление
directions	направления
directionses	инструкции
directive	установка
directives	установки
directiveses	директивы
directly	напрямую
director	директор
directors	директора
dirt	грязь
dirts	грязи
dirty	грязный
disabilities	инвалидности
disability	инвалидность
disadvantage	недостаток
disadvantages	недостатки
disagreeable	неугодный
disagreement	разногласие
disagreements	разногласия
disappearance	исчезновение
disappearances	исчезновения
disappointment	досада
disappointments	досады
disarmament	разоружение
disarmaments	разоружения
disarray	расстройство
disarrays	расстройства
disaster	бедствие
disasters	бедствия
disc	диск
discernment	распознавание
discernments	распознавания
disci	диски
disciple	ученик
disciples	ученики
disciplinary	дисциплинарный
discipline	дисциплина
disciplines	дисциплины
disclosure	обнаружение
disclosures	обнаружения
disco	дискотека
discomfort	дискомфорт
discomforts	неудобства
discontent	недовольство
discontents	недовольства
discord	раздор
discordant	несогласный
discords	раздоры
discos	дискотеки
discount	скидка
discounts	скидки
discourse	речь
discourses	речи
discoveries	открытия
discovery	открытие
discrepancies	несоответствия
discrepancy	несоответствие
discretion	усмотрение
discretions	усмотрения
discrimination	дискриминация
discriminations	дискриминации
discs	диски
discus	диск
discussion	обсуждение
discussions	обсуждения
disease	заболевание
diseased	больной
diseases	заболевания
disgrace	позор
disgraces	позоры
disguise	маскировка
disguises	маскировки
disgust	отвращение
disgustingly	отвратительно
disgusts	отвращения
dish	блюдо
dishes	блюда
disintegration	распад
disintegrations	распады
disk	диск
disks	диски
dislocation	перемещение
dislocations	перемещения
disloyal	неверный
dismal	мрачный
dismissal	отставка
dismissals	отставки
disobedience	неповиновение
disobediences	неповиновения
disorder	беспорядок
disorders	беспорядки
disparities	разницы
disparity	разница
dispatcher	диспетчер
dispatchers	диспетчеры
dispensation	раздача
dispensations	раздачи
dispersal	разгон
dispersals	разгоны
displacement	смещение
displacements	смещения
displeasure	недовольство
displeasures	недовольства
disposition	расположение
dispositions	расположения
disrepair	неисправность
disrepairs	неисправности
disrespect	неуважение
disrespects	неуважения
dissatisfaction	недовольство
dissatisfactions	недовольства
dissection	вскрытие
dissections	вскрытия
dissemination	распространение
disseminations	распространения
dissension	раздор
dissensions	раздоры
dissent	несогласие
dissents	несогласия
dissertation	диссертация
dissertations	диссертации
dissident	раскольник
dissidents	раскольники
dissipation	разврат
dissipations	развраты
dissociation	распад
dissociations	распады
dissolution	расторжение
dissolutions	расторжения
distance	расстояние
distances	расстояния
distant	дальний
distinct	ясный
distinction	различие
distinctions	различия
distinctive	отличительный
distinctly	внятно
distortion	искажение
distortions	искажения
distress	горе
distresses	горя
distribution	распределение
distributions	распределения
district	район
districts	районы
distrust	недоверие
distrusts	недоверия
disturbance	беспорядки
disturbances	волнения
ditch	ров
ditches	рвы
ditties	песенки
ditty	песенка
divergence	расхождение
divergences	расхождения
diverse	разный
diversion	диверсия
diversions	диверсии
diversities	многообразия
diversity	разнообразие
dividend	дивиденд
dividends	дивиденды
divine	божественный
divines	богословы
divinity	богословие
divisible	кратный
division	дивизия
divisions	дивизии
dizziness	головокружение
dockyard	верфь
dockyards	верфи
doctor	доктор
doctorate	докторский
doctors	доктора
doctrine	доктрина
doctrines	доктрины
document	документ
documentary	документальный
documents	документы
doe	самка
dog	собака
dog-fish	акула
dog-rose	шиповник
dog-star	сириус
doggie	собачка
doggies	собачки
dogs	собаки
doll	кукла
dollar	доллар
dollars	доллары
dollies	куколки
dolls	куклы
dolly	куколка
dolphin	дельфин
dolphins	дельфины
dome	купол
domes	купола
domestic	семейный
domicile	жильё
dominion	владычество
dominions	владычества
domino	домино
dominoes	домино
don	дон
donation	пожертвование
donations	пожертвования
dong	дон
dongs	доны
donkey	осёл
donkeys	ослы
donor	донор
donors	доноры
dons	доны
donut	пончик
donuts	пончики
door	дверь
doors	двери
doorstep	порог
doorsteps	пороги
doorway	подъезд
doorways	подъезды
dope	наркотик
dopes	наркотики
dormitories	общежития
dormitory	общежитие
dose	доза
doses	дозы
dossier	досье
dot	точка
dots	точки
double	двойной
double-dealing	фокус
double-quick	бегом
double-sided	двусторонний
doubles	дубли
doubly	вдвойне
doubtful	сомнительно
doubtless	несомненно
douche	душ
douches	души
dough	тесто
doughnut	пончик
doughnuts	пончики
doughs	теста
dove-coloured	сизый
downfall	провал
downfalls	провалы
downpour	ливень
downpours	ливни
downright	прямо
downstairs	внизу
downtime	простой
downtimes	простои
downtrodden	забитый
downturn	спад
downturns	спады
downwards	вниз
downy	пушистый
dowries	приданые
dowry	приданое
dozen	десяток
dozens	десятки
draft	проект
drafts	проекты
dragon	дракон
dragons	драконы
drainage	сток
drainages	стоки
drama	драма
dramas	драмы
dramatic	драматический
dramatist	драматург
dramatists	драматурги
drastic	радикальный
drastically	резко
draught	тяга
draughts	тяги
draughtses	шашки
drawback	минус
drawbacks	минусы
drawer	ящик
drawers	ящики
drawing	рисунок
drawing-pin	кнопка
drawing-room	приёмная
drawings	рисунки
dreadful	страшный
dream	сон
dreamer	мечтатель
dreamers	мечтатели
dreamlike	сказочный
dreams	сны
dreamy	сказочно
dreary	мрачный
dregs	подонки
dregses	мрази
dress	платье
dresser	шкаф
dressers	шкафы
dresses	платья
dressing-down	выговор
dressing-gown	халат
drinkable	питьевой
drinking-bout	выпивка
driver	водитель
drivers	водители
droll	смешной
drop-curtain	занавес
droplet	капелька
droplets	капельки
drought	засуха
droughts	засухи
drowsiness	сонливость
drowsinesses	сонливости
drowsy	сонный
drowsy-head	соня
drug	наркотик
drug-store	аптека
drugs	наркотики
drum	барабан
drummer	барабанщик
drummers	барабанщики
drums	барабаны
drunkard	пьяница
drunkards	пьяницы
dry	сухой
dryness	сухость
drynesses	сухости
dubious	сомнительный
duchess	герцогиня
duchesses	герцогини
duck	утка
ducks	утки
duct	путь
ducts	пути
duel	поединок
duels	поединки
dues	сбор
dueses	сборы
duet	дуэт
duets	дуэты
dug-out	чёлн
duke	герцог
dukes	герцоги
dull	серый
dull-witted	недалёкий
duma	дума
dumas	думы
dumb	немой
dumb-bell	гиря
dummies	макеты
dummy	макет
dunce	идиот
dunces	идиоты
dung	навоз
dungeon	темница
dungeons	темницы
dungs	навозы
duplicate	копия
duplicates	копии
durabilities	прочности
durability	прочность
durable	прочный
duration	протяжение
durations	протяжения
dusk	сумерки
dust	пыль
dust-cover	обложка
dust-wrapper	обложка
dustbin	помойка
dustbins	помойки
duster	тряпка
dusters	тряпки
dusts	*пыли
dutch	голландский
dutches	голландцы
dutchman	голландец
dutchmans	голландцы
duties	пошлины
duty	пошлина
dwarf	карлик
dwarfs	карлики
dweller	житель
dwellers	жители
dwelling	жильё
dwelling-place	обитель
dwellings	жилища
dye	краситель
dyes	красители
dyke	плотина
dykes	плотины
dynamic	динамический
dynamics	динамика
dynamicses	динамики
dynamite	динамит
dynamites	динамиты
dynamo	динамо
dynamos	динамо-машины
dynasties	династии
dynasty	династия
eager	жадный
eagerness	жадность
eagle	орёл
eagle-owl	филин
eagles	орлы
ear	ухо
ear-flaps	наушники
ear-laps	наушники
ear-phones	наушники
ear-ring	серьга
earl	граф
earliest	первый
earls	графы
early	рано
earnest	серьёзный
earnestly	серьёзно
earnings	заработок
earningses	заработки
earrings	серёжка
earringses	серёжки
ears	уши
earth	земля
earthen	земляной
earthly	земной
earthquake	землетрясение
earthquakes	землетрясения
earths	земли
easier	проще
easiest	проще
easily	легко
east	восток
easter	пасха
easter-week	святая
easterly	восточный
eastern	восточный
easters	пасхи
easts	осты
easy	легко
easy-tempered	спокойный
eating-house	трактир
eccentric	оригинал
eccentrics	оригиналы
ecclesiastical	духовный
echelon	эшелон
echelons	эшелоны
echo	эхо
echoes	эха
eclipse	затмение
eclipses	затмения
ecological	экологический
ecologies	экологии
ecologists	эколог
ecologistses	экологи
ecology	экология
economic	экономический
economical	хозяйственный
economics	экономика
economicses	экономики
economies	экономики
economist	экономист
economists	экономисты
economy	экономика
eddies	водовороты
eddy	водоворот
eden	рай
edens	раи
edge	гран
edges	граны
edict	указ
edicts	указы
edifice	здание
edifices	здания
edition	издание
editions	издания
editor	редактор
editorial	редакционный
editors	редакторы
education	образование
educational	учебный
educations	образования
eerie	жуткий
eerily	жутко
effect	эффект
effective	эффективный
effectiveness	эффективность
effectivenesses	эффективности
effects	эффекты
efficacies	эффективности
efficacious	эффективный
efficacy	эффективность
efficiencies	эффективности
efficiency	эффективность
efficient	оперативный
efficiently	продуктивно
effort	усилие
efforts	усилия
effortses	хлопоты
egg	яйцо
egg-white	белок
eggs	яйца
egress	выезд
egresses	выезды
egypt	египет
egyptian	египетский
egyptians	египтяне
eight	восемь
eighteen	восемнадцать
eighth	восьмой
eighths	восьмые
eighty	восемьдесят
elaboration	разработка
elaborations	разработки
elastic	резинка
elasticities	упругости
elasticity	упругость
elastics	резинки
elbow	локоть
elbow-room	простор
elbows	локти
elder	старший
elderly	пожилой
elders	старейшины
eldest	старший
election	выборы
elections	выборы
electionses	выборы
elective	выборный
elector	избиратель
electoral	избирательный
electorate	избиратель
electorates	избиратели
electors	избиратели
electric	электрический
electrician	электрик
electricians	электрики
electricity	электричество
electrode	электрод
electrodes	электроды
electromagnetic	электромагнитный
electron	электрон
electronic	электронный
electronically	электронно
electronics	электроника
electronicses	электроники
electrons	электроны
elegant	элегантный
element	элемент
elemental	стихийный
elementary	начальный
elements	элементы
elementses	азы
elephant	слон
elephants	слоны
elevation	высота
elevations	высоты
elevator	лифт
elevators	лифты
eleven	одиннадцать
eleventh	одиннадцатый
elf	эльф
elimination	исключение
eliminations	исключения
elite	элита
elites	элиты
elixir	эликсир
elixirs	эликсиры
elk	лось
elks	лоси
ell	локоть
ells	локти
elves	эльфы
elysium	рай
elysiums	раи
emancipation	освобождение
emancipations	освобождения
embankment	набережная
embankments	набережные
embargo	эмбарго
embargoes	запрещения
embarrassment	затруднение
embarrassments	затруднения
embassies	посольства
embassy	посольство
embers	жар
embezzlement	хищение
embezzlements	хищения
emblem	эмблема
emblems	эмблемы
embodiment	воплощение
embodiments	воплощения
embroideries	вышивки
embroidery	вышивка
embryo	эмбрион
embryos	эмбрионы
emerald	изумруд
emeralds	изумруды
emergence	выход
emergences	выходы
emergency	экстренный
emigrant	эмигрант
emigrants	эмигранты
emigrantses	эмиграции
emigration	эмиграция
emigrations	эмиграции
eminence	высота
eminences	высоты
eminent	видный
emir	эмир
emirs	эмиры
emission	выпуск
emissions	выпуски
emotion	эмоция
emotional	эмоциональный
emotions	эмоции
emperor	император
emperors	императоры
emphases	ударения
emphasis	ударение
empire	империя
empires	империи
employee	сотрудник
employees	сотрудники
employer	работодатель
employers	работодатели
employment	занятость
employments	занятости
empress	императрица
empresses	императрицы
emptiness	пустота
emptinesses	пустоты
empty	пустой
emulation	соревнование
emulations	соревнования
enactment	постановление
enactments	постановления
enamel	эмаль
enamels	эмали
enchantment	волшебство
enchantress	волшебница
enchantresses	волшебницы
encore	бис
encouragement	поддержка
encouragements	поддержки
encroachment	посягательство
encroachments	посягательства
encyclopaedia	энциклопедия
encyclopaedias	энциклопедии
end	конец
endearment	ласка
endearments	ласки
endless	бесконечный
endlessly	бесконечно
ends	концы
endurance	выносливость
endurances	выносливости
enemies	враги
enemy	враг
energetic	энергичный
energies	энергии
energy	энергия
engagement	помолвка
engagements	помолвки
engine	двигатель
engine-driver	машинист
engineer	инженер
engineering	техника
engineerings	техники
engineers	инженеры
engines	двигатели
england	Англия
english	английский
englishes	англичане
englishman	англичанин
englishmans	англичане
engraving	гравюра
engravings	гравюры
enigma	загадка
enigmas	загадки
enigmatic	таинственный
enjoyment	наслаждение
enjoyments	наслаждения
enlargement	увеличение
enlargements	увеличения
enlightenment	просвещение
enlightenments	просвещения
enmities	неприязни
enmity	вражда
enormous	огромный
enough	достаточно
enrichment	обогащение
enrichments	обогащения
ensemble	ансамбль
ensembles	ансамбли
ensign	флаг
ensigns	флаги
enterprise	предприятие
enterprises	предприятия
entertainment	развлечение
entertainments	развлечения
enthusiasm	энтузиазм
enthusiasms	энтузиазмы
enthusiast	энтузиаст
enthusiastic	восторженный
enthusiastically	восторженно
enthusiasts	энтузиасты
entire	целый
entirely	вполне
entrails	внутренности
entrailses	внутренности
entrance	вход
entrance-room	передняя
entrances	входы
entrepreneur	предприниматель
entrepreneurs	предприниматели
entries	вступления
entropies	энтропии
entropy	энтропия
entry	вступление
entryway	прихожая
entryways	прихожие
enumeration	перечень
enumerations	перечни
envelope	конверт
envelopes	конверты
environment	окружение
environments	окружения
environs	окрестность
environses	окрестности
envoy	посланник
envoys	посланники
enzyme	фермент
enzymes	ферменты
ephemeral	минутный
epic	эпопея
epics	эпопеи
epidemic	эпидемия
epidemics	эпидемии
epidemiologies	эпидемиологии
epidemiology	эпидемиология
epilepsies	эпилепсии
epilepsy	эпилепсия
epiphanies	крещения
epiphany	крещение
episode	эпизод
episodes	эпизоды
epistle	послание
epistles	послания
epithet	эпитет
epithets	эпитеты
epoch	эпоха
epoch-making	исторический
epochs	эпохи
equal	равный
equalities	равенства
equality	равенство
equalization	уравнение
equalizations	уравнения
equally	ровно
equation	уравнение
equations	уравнения
equator	экватор
equatorial	экваториальный
equators	экваторы
equilibria	равновесия
equilibrium	равновесие
equine	лошадиный
equipment	оборудование
equities	справедливости
equity	справедливость
equivalent	эквивалент
equivalents	эквиваленты
era	эра
eras	эры
eraser	резинка
erasers	резинки
erection	постановка
erections	постановки
erosion	эрозия
erosions	эрозии
erotic	эротический
errand	поручение
errands	поручения
erroneous	ошибочный
erroneously	неправильно
error	заблуждение
errors	заблуждения
erudite	знающий
eruption	извержение
eruptions	извержения
escapade	выходка
escapades	выходки
especial	специальный
especially	особенно
espionage	шпионаж
espionages	шпионажи
essay	исследование
essays	исследования
essence	суть
essences	сути
essential	существенный
establishment	установление
establishments	установления
estate	поместье
estates	поместья
estonia	Эстония
estonian	эстонский
estrangement	отчуждение
estrangements	отчуждения
estuaries	лиманы
estuary	лиман
eternal	вечный
eternities	вечности
eternity	вечность
ether	эфир
ethereal	эфирный
ethers	эфиры
ethic	этический
ethical	моральный
ethics	этика
ethicses	этики
ethnic	этнический
ethnographic	этнографический
ethnography	этнография
etiquette	этикет
etiquettes	этикеты
etude	этюд
etudes	этюды
eucharist	причастие
eucharists	причастия
euro	евро
europe	Европа
european	европейский
europeans	европейцы
euros	евро
evacuation	эвакуация
evacuations	эвакуации
evaporation	испарение
evaporations	испарения
evasion	обход
evasions	обходы
eve	канун
evening	вечер
evenings	вечера
evenly	равномерно
event	событие
events	события
eventual	конечный
everlasting	вечный
everybody	все
everyday	текущий
everyone	все
everything	всё
everywhere	везде
eves	кануны
eviction	выселение
evictions	выселения
evidence	свидетельство
evidences	свидетельства
evident	явный
evidently	видно
evil	зло
evils	зла
evolution	развитие
evolutionary	эволюционный
evolutions	развития
ewe	овца
ewes	овцы
ex	бывший
exact	точно
exactly	именно
exaggeration	преувеличение
exaggerations	преувеличения
exam	экзамен
examination	рассмотрение
examinations	рассмотрения
example	пример
examples	примеры
exams	экзамены
excavations	раскопки
excavationses	раскопки
excavator	экскаватор
excavators	экскаваторы
excellencies	превосходительства
excellency	превосходительство
excellent	отличный
excellently	отлично
excellents	пятёрки
except	кроме
exception	исключение
exceptional	исключительный
exceptionally	исключительно
exceptions	исключения
excerpt	выписка
excerpts	выписки
excess	превышение
excesses	превышения
excessive	чрезмерный
excessively	излишне
exchange	обмен
exchanges	обмены
exchequer	казна
exchequers	казны
excitable	азартный
excitation	возбуждение
excitations	возбуждения
excitement	восторг
excitements	восторги
exclamation	возглас
exclamations	возгласы
exclusion	исключение
exclusions	исключения
exclusively	исключительно
excrement	кал
excrements	калы
excretion	выделение
excretions	выделения
excruciating	тяжкий
excursion	экскурсия
excursions	экскурсии
execution	казнь
executioner	палач
executioners	палачи
executions	казни
executive	исполнительный
executor	исполнитель
executors	исполнители
exemplary	образцовый
exercise	упражнение
exercise-book	тетрадь
exercises	упражнения
exhaustion	истощение
exhaustions	истощения
exhibit	экспонат
exhibition	выставка
exhibitions	выставки
exhibits	экспонаты
exhortation	наставление
exhortations	наставления
existence	жизнь
existences	жизни
exit	выход
exits	выходы
exorcism	заговор
exorcisms	заговоры
exotic	экзотический
expansion	увеличение
expansions	увеличения
expectation	ожидание
expectations	ожидания
expediency	целесообразность
expedient	целесообразный
expedition	экспедиция
expeditions	экспедиции
expenditure	затрата
expenditures	затраты
expense	расход
expenses	расходы
expenseses	расходы
expensive	дорогой
experience	опыт
experiment	эксперимент
experimental	опытный
experiments	эксперименты
expert	эксперт
experts	эксперты
expiration	истечение
expirations	истечения
expiries	истечения
expiry	истечение
explanation	объяснение
explanations	объяснения
exploit	подвиг
exploitation	эксплуатация
exploitations	эксплуатации
exploits	подвиги
exploration	исследование
explorations	исследования
explorer	исследователь
explorers	исследователи
explosion	взрыв
explosions	взрывы
explosive	взрывчатка
exponent	показатель
exponents	показатели
export	экспорт
exporter	экспортёр
exporters	экспортёры
exports	экспорты
exposition	экспозиция
expositions	экспозиции
exposure	выявление
exposures	выявления
express-telegram	молния
expression	выражение
expressions	выражения
expulsion	исключение
expulsions	исключения
exquisite	восхитительный
extension	увеличение
extensions	увеличения
extensive	обширный
extent	степень
extents	степени
exterior	внешность
exteriors	внешности
extermination	уничтожение
exterminations	уничтожения
external	наружный
extinction	вымирание
extinctions	вымирания
extortion	вымогательство
extortions	вымогательства
extra	фигурант
extraction	извлечение
extractions	извлечения
extradition	выдача
extraditions	выдачи
extraordinarily	чрезвычайно
extraordinary	чрезвычайный
extreme	крайний
extremely	весьма
extremes	крайности
extremism	экстремизм
extremisms	экстремизмы
extremist	экстремист
extremists	экстремисты
extremities	оконечности
extremity	оконечность
eye	глаз
eye-bolt	обух
eye-socket	орбита
eye-witness	свидетель
eyebrow	бровь
eyebrows	брови
eyelash	ресница
eyelashes	ресницы
eyelid	веко
eyelids	веки
eyes	глаза
eyesight	зрение
eyesights	зрения
eyewitness	очевидец
eyewitnesses	очевидцы
fable	басня
fables	басни
fabric	материал
fabrication	фантазия
fabrications	фантазии
fabrics	материалы
fabulous	невероятный
fabulously	сказочно
facade	фасад
facades	фасады
face	лицо
face-card	фигура
faces	лица
facet	грань
facets	грани
facial	лицевой
facile	гладкий
facilitation	облегчение
facilitations	облегчения
facilities	устройство
facilitieses	устройства
fact	факт
faction	фракция
factions	фракции
factor	фактор
factories	заводы
factors	коэффициенты
factory	завод
facts	факты
factses	данные
factual	фактический
faculties	факультеты
faculty	факультет
fad	конёк
fads	коньки
faeces	кал
faeceses	калы
fag-end	бычок
failure	неудача
failures	неудачи
faint	слабый
faintly	слабо
faints	обмороки
fair	справедливо
fairies	феи
fairly	довольно
fairness	справедливость
fairnesses	справедливости
fairs	ярмарки
fairy	фея
fairy-tale	сказочный
faith	вера
faithful	верный
faithfulness	верность
faithfulnesses	верности
faithless	неверный
faiths	веры
fake	подделка
fakes	подделки
falcon	сокол
falcons	сокола
fallow	паровой
fallow-deer	лань
fallows	пары
false	ложный
falsehood	ложь
falsehoods	лжи
falsification	фальсификация
falsifications	фальсификации
fame	слава
fames	славы
familiar	знакомый
familiarities	знакомства
familiarity	знакомство
families	семьи
family	семья
famine	голод
famous	знаменитый
famously	славно
fan	фанат
fanatic	фанат
fanatics	фанаты
fancies	фантазии
fancy	фантазия
fancy-bag	сумочка
fang	клык
fangs	клыки
fans	фанаты
fantasia	фантазия
fantasias	фантазии
fantasies	фантазии
fantastic	сказочный
fantasy	фантазия
far	далеко
far-eastern	дальневосточный
farce	фарс
farces	фарсы
farewell	прощание
farewells	прощания
farm	хозяйство
farm-hand	работник
farmer	фермер
farmers	фермеры
farms	хозяйства
faro	банк
faros	банки
farther	дальше
farthing	грош
farthings	гроши
fascination	прелесть
fascinations	прелести
fascism	фашизм
fascisms	фашизмы
fascist	фашистский
fascists	фашисты
fashion	мода
fashionable	модный
fashions	моды
fast	быстро
fastener	замок
fasteners	замки
fastening	закрепление
fastenings	закрепления
fasts	посты
fat	жир
fatal	роковой
fate	судьба
fateful	роковой
fates	судьбы
father	отец
father's	отцовский
father-in-law	тесть
father-superior	игумен
fatherland	родина
fatherlands	родины
fathers	отцы
fatigue	усталость
fatigues	усталости
fats	жиры
fatty	жировой
fault	вина
faults	вины
fauna	фауна
faunas	фауны
favor	услуга
favorite	любимый
favors	услуги
favourable	благоприятный
favourably	благосклонно
favourite	фаворит
favourites	фавориты
fax	факс
faxes	факсы
fear	страх
fearful	страшный
fearless	бесстрашный
fearlessly	смело
fears	страхи
feasible	возможный
feast	пир
feasts	пиры
feat	подвиг
feather	перо
feathers	перья
feats	подвиги
feature	особенность
feature-story	очерк
features	особенности
februaries	феврали
february	февраль
federal	федеральный
federation	федерация
federations	федерации
fee	гонорар
feeble	слабый
feeding	кормление
feeding-bottle	рожок
feedings	кормления
feeling	чувство
feelings	чувства
fees	гонорары
feet	стопы
felicities	блаженства
felicity	блаженство
feline	кошачий
fellow	член
fellow-citizen	согражданин
fellow-clerk	сослуживец
fellow-countryman	соотечественник
fellow-employee	сослуживец
fellow-teacher	сослуживец
fellow-traveler	спутник
fellow-villager	земляк
fellows	члены
felon	преступник
felonies	преступления
felons	преступники
felony	преступление
female	женский
females	самки
feminine	женский
feminism	феминизм
feminisms	феминизмы
fence	забор
fences	заборы
fender	решётка
fenders	решётки
fennel	укроп
ferment	фермент
fermentation	брожение
fermentations	брожения
ferments	ферменты
ferocious	грозный
ferries	паромы
ferro-concrete	железобетон
ferrous	железный
ferry	паром
fertilities	плодородия
fertility	плодородие
fertilizer	удобрение
fertilizers	удобрения
fervent	страстный
fervour	воодушевление
fervours	воодушевления
festival	фестиваль
festivals	фестивали
festive	праздничный
festivities	торжество
festivitieses	торжества
fete	фестиваль
fetes	фестивали
fever	лихорадка
fevers	лихорадки
fiance	жених
fiancee	невеста
fiancees	невесты
fiances	женихи
fiasco	фиаско
fib	враньё
fibre	волокно
fibres	волокна
fibs	фантазии
fiction	фантастика
fictions	фантастики
fiddle	скрипка
fiddler	скрипач
fiddlers	скрипачи
fiddles	скрипки
fidelities	верности
fidelity	верность
field	поле
field-marshal	фельдмаршал
fields	поля
fierce	сильный
fiery	огневой
fifteen	пятнадцать
fifth	пятый
fifties	полусотни
fifty	пятьдесят
fighter	боец
fighters	бойцы
fighting-man	боец
figurative	образный
figuratively	образно
figure	фигура
figures	фигуры
figurine	фигурка
figurines	фигурки
filament	нить
filaments	нити
filet	филе
filial	дочерний
fillet	лента
fillets	ленты
filling	начинка
fillings	начинки
film	фильм
film-holder	кассета
films	фильмы
filter	фильтр
filters	фильтры
filth	грязь
filths	грязи
filthy	грязный
filtration	фильтрация
filtrations	фильтрации
fin	киль
final	конечный
finale	финал
finales	финалы
finally	наконец
finals	финалы
finances	финансы
financial	финансовый
financier	финансист
financiers	финансисты
financing	финансирование
financings	финансирования
finding	изыскание
findings	изыскания
findingses	заключения
fine	хорошо
finely	талантливо
finer	краше
fines	штрафы
finger	палец
finger-nail	ноготь
fingerprint	отпечаток
fingerprints	отпечатки
fingers	пальцы
finland	Финляндия
finn	финн
finnish	финский
finns	финны
fins	кили
fir	ель
fire	огонь
fire-ball	болид
fire-bird	жар-птица
fire-place	камин
fire-prevention	противопожарный
firearm	оружие
firearms	оружия
firefighter	пожарный
firefighters	пожарные
fireman	пожарный
firemen	пожарные
fireplace	камин
fireplaces	камины
fires	огни
firewood	дрова
firewoods	дрова
firework	фейерверк
fireworks	салют
fireworkses	салюты
firing	обстрел
firings	обстрелы
firm	фирма
firmly	твёрдо
firmness	стойкость
firmnesses	прочности
firms	фирмы
firs	ели
first	первый
first-born	первенец
first-class	мировой
first-hand	непосредственный
first-rate	мировой
firsthand	воочию
firstly	сначала
firth	губа
firths	губы
fish	Рыбы
fish-hook	крючок
fisheries	тони
fisherman	рыбак
fishermen	рыбаки
fishery	тоня
fishy	подозрительный
fissure	трещина
fissures	трещины
fist	кулак
fists	кулаки
fitness	фитнес
fitnesses	годности
fittingly	достойно
fittings	прибор
fittingses	приборы
five	пять
five-year	пятилетний
five-year-old	пятилетний
fives	пяти
fixation	фиксация
fixations	фиксации
fixed-date	срочный
fixtures	арматура
fixtureses	арматуры
fizz	шампанское
flag	флаг
flag-officer	флагман
flags	флаги
flagship	флагман
flagships	флагманы
flair	чутьё
flairs	*чутья
flame	пламя
flame-coloured	огненный
flames	пламена
flank	фланг
flanks	фланги
flare	ракета
flares	ракеты
flash	вспышка
flashes	вспышки
flashlight	фонарик
flashlights	фонарики
flat	квартира
flatly	наотрез
flats	квартиры
flatteries	лести
flattery	лесть
flaw	порок
flawless	безупречно
flaws	пороки
flax	холст
flaxes	холсты
flea	блоха
fleas	блохи
fleece	руно
fleeces	руна
fleet	флот
fleets	флоты
flesh	плоть
fleshes	плоти
flex	шнур
flexibilities	гибкости
flexibility	гибкость
flexible	гибкий
flick	щелчок
flicks	щелчки
flier	лётчик
fliers	лётчики
flight	полёт
flights	полёты
flint	кремень
flints	кремни
flock	станица
flocks	станицы
flood-gate	затвор
flood-lands	пойма
floor	пол
floor-cloth	тряпка
floor-mat	мат
floors	полы
flop	провал
flops	провалы
flora	флора
floras	флоры
florence	Флоренция
flotilla	дивизион
flotillas	дивизионы
flour	мука
flower	цветок
flowers	цветы
fluctuation	колебание
fluctuations	колебания
fluent	гладкий
fluff	пушок
fluffs	пушки
fluffy	пышный
fluid	жидкость
fluids	жидкости
fluorescence	свечение
fluorescences	свечения
fluorescent	светящийся
flurries	переполохи
flurry	переполох
flush	краска
flushes	краски
flute	флейта
flutes	флейты
flyer	лётчик
flyers	лётчики
flyover	развязка
flyovers	развязки
foam	пена
foams	пены
focus	фокус
focuses	фокусы
fodder	корм
fodders	кормы
foe	враг
foes	враги
foetus	плод
foetuses	плоды
fog	туман
foggy	туманно
fogs	туманы
foil	наводка
foils	наводки
folder	проспект
folders	проспекты
foliage	листва
folk	народный
folklore	фольклор
folklores	фольклоры
follies	безумия
follower	последователь
followers	последователи
following	следующее
folly	безумие
fond	нежный
food	еда
foods	пищи
foodstuffs	продовольствие
foodstuffses	продовольствия
fool	дурак
foolhardy	отчаянный
foolish	глупо
foolishly	глупо
foolishness	глупость
foolishnesses	глупости
foolproof	безопасный
fools	дураки
foot	стопа
foot-bridge	мостик
foot-gear	обувь
foot-passenger	пешеход
football	футбол
football-jersey	футболка
football-player	футболист
footballer	футболист
footballers	футболисты
footballs	футболы
footman	лакей
footmen	лакеи
footnote	примечание
footnotes	примечания
footprint	след
footprints	следы
footsteps	шаг
footstepses	шаги
footwear	обувь
forage	корм
forages	кормы
foray	набег
forays	набеги
forcible	насильственный
forcibly	понятно
ford	брод
fords	броды
fore	носовой
fore-and-aft	продольный
foreboding	предчувствие
forebodings	предчувствия
forecast	прогноз
forecasts	прогнозы
forefathers	дед
forefatherses	деды
forehead	лоб
foreheads	лбы
foreign	иностранный
foreign-policy	внешнеполитический
foreigner	иностранец
foreigners	иностранцы
foreman	мастер
foremen	мастера
foremost	передовой
forensic	судебный
forerunner	предтеча
forerunners	предтечи
forest	лесной
forest-guard	лесник
forester	лесник
foresters	лесники
forestries	лесничества
forestry	лесничество
forests	леса
forever	вечно
foreword	предисловие
forewords	предисловия
forge	кузница
forgeries	фальсификации
forgery	фальсификация
forges	кузницы
forgiveness	прощение
forgivenesses	прощения
fork	вилка
forks	вилки
form	форма
form-mate	одноклассник
formal	формальный
formalities	формальности
formality	формальность
formally	формально
format	формат
formation	становление
formations	становления
formats	форматы
former	бывший
formerly	когда-то
formidable	грозный
forms	формы
formula	формула
formulas	формулы
formulation	формулировка
formulations	формулировки
fort	форт
forthcoming	скорый
fortification	укрепление
fortifications	укрепления
fortitude	мужество
fortitudes	мужества
fortress	крепость
fortresses	крепости
forts	форты
fortunate	счастливый
fortune	судьба
fortune-telling	гадание
fortunes	судьбы
forty	сорок
forum	форум
forums	форумы
forward	вперёд
forwards	нападающие
foul	запрещённый
fouls	фолы
foundation	основание
foundations	основания
founder	основатель
founders	основатели
fountain	фонтан
fountains	фонтаны
four	четыре
four-in-hand	четвёрка
fours	четвёрки
fourteen	четырнадцать
fourth	четверть
fourths	четверти
fox	лисица
foxes	лисицы
foyer	фойе
fraction	частица
fractions	частицы
fragile	хрупкий
fragment	фрагмент
fragments	фрагменты
fragrance	аромат
fragrances	ароматы
frail	хрупкий
frame	рамка
frames	рамки
framework	каркас
frameworks	каркасы
franc	франк
france	Франция
frank	прямой
frankfurter	сосиска
frankfurters	сосиски
frankly	откровенно
frankness	откровенность
franknesses	откровенности
fraternal	братский
fraternities	братства
fraternity	братство
frau	госпожа
fraud	обман
frauds	обманы
fraus	госпожи
freak	урод
freaks	уроды
free-style	вольный
free-will	добровольный
freedom	свобода
freedoms	свободы
freely	свободно
freight	груз
freights	грузы
french	французский
frenches	французы
frenchman	француз
frenchmans	французы
frequencies	частоты
frequency	частота
frequent	частый
frequently	часто
fresco	фреска
frescoes	фрески
fresh	свежий
freshness	свежесть
freshnesses	свежести
fret	лад
frets	*лады
friction	трение
frictions	трения
friday	пятница
fridays	пятницы
fridge	холодильник
fridges	холодильники
friend	друг
friendly	дружеский
friends	друзья
friendship	дружба
friendships	дружбы
frigate	фрегат
frigates	фрегаты
fright	страх
frightful	страшный
frights	страхи
frog	лягушка
frogs	лягушки
front	фронт
frontier	пограничный
fronts	фронты
frost	мороз
frosts	морозы
froth	пена
froths	пены
frugal	скромный
fruit	плод
fruit-cake	кекс
fruitful	плодотворный
fruits	плоды
frustration	разочарование
frustrations	разочарования
frying-pan	сковорода
fuck	блядь
fucks	бляди
fuel	топливо
fuels	топлива
fugitive	беглец
fugitives	беглецы
fulfilment	исполнение
fulfilments	исполнения
full	полный
full-back	защитник
full-scale	развёрнутый
fully	полно
fumes	чад
fun	забавно
function	функция
functional	функциональный
functions	функции
fund	фонд
fundamental	фундаментальный
fundamentals	основа
fundamentalses	основы
funds	фонды
funeral	похороны
funerals	похороны
fungi	грибы
fungus	гриб
funnel	труба
funnels	трубы
funny	весело
funs	забавы
fur	мех
fur-seal	котик
furies	ярости
furious	бешеный
furiously	яростно
furlough	отпуск
furloughs	отпуска
furnace	печь
furnaces	печи
furniture	обстановка
furrow	борозда
furrows	борозды
furs	меха
further	далее
fury	ярость
fuse	пробка
fuses	пробки
fuss	суета
fusses	суеты
futilities	пустоты
futility	пустота
future	будущее
fuzz	пух
fuzzes	*пухи
gadget	приспособление
gadgets	приспособления
gaffe	неловкость
gaffes	неловкости
gaieties	веселья
gaiety	веселье
gait	походка
gaits	походки
gala	гала
galaxies	галактики
galaxy	галактика
gale	буря
gales	бури
gallant	храбрый
galleries	галереи
gallery	галерея
galley	кухня
galleys	кухни
gambler	игрок
gamblers	игроки
gambling-house	казино
game	игра
games	игры
gamma	гамма
gamma-radiation	гамма-излучение
gamma-rays	гамма-лучи
gammas	гаммы
gamut	гамма
gamuts	гаммы
gang	шайка
gangs	шайки
gangster	гангстер
gangsters	гангстеры
gangway	проход
gangways	проходы
gantries	порталы
gantry	портал
gaol	тюрьма
gaols	тюрьмы
gap	окно
gaps	окна
garage	гараж
garages	гаражи
garbage	мусор
garden	сад
garden-city	город-сад
gardener	садовник
gardeners	садовники
gardens	сады
garland	венок
garlands	венки
garlic	чеснок
garments	одежда
garmentses	одежды
garret	чердак
garrets	чердаки
garrison	гарнизон
garrisons	гарнизоны
gas	газ
gases	газы
gasket	прокладка
gaskets	прокладки
gasoline	бензин
gastric	желудочный
gate	ворота
gates	ворота
gathering	сход
gatherings	сходы
gaudy	яркий
gauge	калибр
gauges	калибры
gauze	газ
gauzes	газы
gay	голубой
gays	голубые
gaze	взгляд
gazebo	беседка
gazebos	беседки
gazelle	газель
gazelles	газели
gazes	взгляды
gazette	ведомость
gazettes	ведомости
gear	передача
gears	передачи
gee-gee	лошадка
geese	гуси
gel	гель
gels	гели
gem	драгоценность
gemini	Близнецы
geminis	Близнецы
gemma	почка
gemmas	почки
gems	драгоценности
gender	род
genders	роды
gene	ген
genealogy	родословная
genera	роды
general	общий
generalization	обобщение
generalizations	обобщения
generally	вообще
generals	генералы
generation	род
generations	роды
generator	генератор
generators	генераторы
generic	родовой
generosities	великодушия
generosity	щедрость
generous	щедрый
generously	щедро
genes	гены
geneses	генезисы
genesis	генезис
genetic	генетический
genius	гений
geniuses	гении
genocide	геноцид
genocides	геноциды
genre	жанр
genre-painting	жанр
genres	жанры
gentle	мягкий
gentleman	господин
gentlemen	господа
gentleness	мягкость
gentlenesses	мягкости
gently	тихо
gentries	дворянства
gentry	дворянство
genuine	настоящий
genus	род
geographer	географ
geographers	географы
geographic	географический
geographies	географии
geography	география
geological	геологический
geologies	геологии
geologist	геолог
geologists	геологи
geology	геология
geometric	геометрический
geometries	геометрии
geometry	геометрия
georgia	Грузия
georgian	грузинский
georgians	грузины
german	немецкий
germanic	германский
germans	немцы
germany	Германия
gestapo	гестапо
gesture	жест
gestures	жесты
get-together	посиделки
ghetto	гетто
ghost	приведение
ghostly	призрачный
ghosts	приведения
giant	гигант
giants	гиганты
gibberish	бред
gift	дар
gifts	дары
gigantic	гигантский
gin	джин
ginger	рыжий
gingerly	осторожно
gins	джины
gipsies	цыгане
gipsy	цыган
girder	ферма
girders	фермы
girdle	пояс
girdles	пояса
girl	девушка
girl-friend	возлюбленная
girlfriend	подружка
girlfriends	подружки
girlie	девочка
girlies	девочки
girls	девушки
girlses	воспитанники
gist	суть
gists	сути
glacial	ледниковый
glacier	ледник
glaciers	ледники
glad	рад
glade	поляна
glades	поляны
gladly	охотно
glads	рады
glamour	колдовство
glamours	*колдовства
gland	железа
glands	железы
glare	взгляд
glares	взгляды
glass	стакан
glasses	очки
glasseses	очки
glassware	стекло
glasswares	стёкла
global	глобальный
globe	глобус
globes	глобусы
gloom	мрак
glooms	мраки
gloomy	мрачный
glories	славы
glorious	славный
glory	слава
glossaries	словари
glossary	словарь
glove	перчатка
gloves	перчатки
glucose	глюкоза
glucoses	глюкозы
glue	клей
glues	клеи
gnome	гном
gnomes	гномы
go-between	посредник
goal	цель
goal-scorer	бомбардир
goalkeeper	вратарь
goalkeepers	вратари
goals	цели
goat	коза
goats	козы
goblet	кубок
goblets	кубки
god	бог
god's	божий
god-forsaken	глухой
goddess	богиня
goddesses	богини
gods	боги
godsend	находка
godsends	находки
gold	золото
golden	золотой
golden-eye	гоголь
golf	гольф
good	хорошо
goodness	доброта
goods	*добра
goodses	товары
goose	гусь
gore	клин
gores	клинья
gorgeous	великолепный
gospel	евангелие
gospels	евангелия
gossip	сплетня
gossips	сплетни
gourd	тыква
gourds	тыквы
governess	мадам
government	правительство
governmental	правительственный
governments	правительства
governor	губернатор
governor-general	генерал-губернатор
governors	губернаторы
gown	платье
gowns	платья
grace	милость
graceful	изящный
graces	милости
gracious	милостивый
grade	оценка
grades	оценки
gradient	уклон
gradients	уклоны
gradual	постепенный
gradually	постепенно
graduate	выпускник
graduates	выпускники
graduation	окончание
graduations	окончания
graft	побег
grafting	наращивание
graftings	наращивания
grafts	побеги
grain	зерно
grain-crops	зерновой
grain-producing	хлебный
grains	зёрна
gram	грамм
grammar	грамматика
grammars	грамматики
grammatical	грамотный
grammatically	грамотно
grams	граммы
granaries	амбары
granary	амбар
grand	великий
grand-dad	дедушка
grandad	дедушка
grandads	дедушки
grandchild	внук
grandchildren	внуки
granddaughter	внучка
granddaughters	внучки
grandeur	величие
grandeurs	величия
grandfather	дед
grandfathers	деды
grandiose	грандиозный
grandma	бабушка
grandmas	бабушки
grandmother	бабушка
grandmothers	бабушки
grandpa	дедушка
grandpas	дедушки
grands	куски
grandson	внук
grandsons	внуки
granite	гранит
granites	граниты
grannies	бабушки
granny	бабушка
grant-in-aid	пособие
grape-sugar	глюкоза
grapes	виноград
graph	диаграмма
graphic	изобразительный
graphically	наглядно
graphs	диаграммы
grass	трава
grass-plot	газон
grasses	травы
grassy	травяной
grateful	благодарный
grater	тёрка
graters	тёрки
gratification	удовлетворение
gratifications	удовлетворения
grating	решётка
gratings	решётки
gratis	безвозмездно
gratitude	благодарность
gratitudes	признательности
gratuities	пособия
gratuitous	бесплатный
gratuity	пособие
grave	могила
gravel	песок
gravels	пески
graves	могилы
graveyard	кладбище
graveyards	кладбища
gravies	соусы
gravitation	гравитация
gravitations	гравитации
gravities	тяжести
gravity	тяжесть
gravy	соус
grease	жир
grease-paint	грим
greases	жиры
greasy	жирный
great	отлично
great-grandfather	прадед
greater	больше
greatly	очень
greatness	величие
greatnesses	величия
greece	Греция
greed	жадность
greeds	алчности
greedy	жадный
greek	грек
greeks	греки
green	зелёный
greeneries	зелени
greenery	зелень
greenhouse	теплица
greenhouses	теплицы
greenish	зеленоватый
greens	зелёные
greeting	приветствие
greetings	приветствия
grenade	граната
grenades	гранаты
grey	серый
grey-haired	седой
grid	сетка
grids	сетки
grief	печаль
griefs	печали
grievous	печальный
griffin	гриф
grille	решётка
grilles	решётки
grim	мрачно
grit	строение
grits	строения
groin	пах
groom	конюх
grooms	конюхи
groove	паз
gross	валовой
grosses	гроссы
grotto	грот
grottos	гроты
ground	земля
group	группа
grouping	группировка
groupings	группировки
groups	группы
grove	роща
groves	рощи
grown-up	большой
growth	рост
growths	роста
grub	личинка
grubs	личинки
guarantor	гарант
guarantors	гаранты
guardian	опекун
guardians	опекуны
guardianses	опеки
guardianship	опека
guardianships	опеки
guardsman	гвардеец
guardsmen	гвардейцы
guerilla	партизан
guerillas	партизаны
guess-work	догадка
guest	гость
guests	гости
guidance	руководство
guidances	руководства
guide	руководство
guide-bar	правило
guide-book	путеводитель
guides	руководства
guild	цех
guilds	цеха
guile	хитрость
guiles	хитрости
guilt	вина
guilts	вины
guilty	виноватый
guitar	гитара
guitarist	гитарист
guitarists	гитаристы
guitars	гитары
gulf	залив
gulfs	заливы
gull	чайка
gullies	балки
gulls	чайки
gully	балка
gum	десна
gums	дёсны
gun	ствол
gun-fire	стрельба
gun-sight	прицел
gunman	бандит
gunmen	бандиты
gunner	артиллерист
gunners	артиллеристы
gunpowder	порох
gunpowders	порохи
guns	стволы
gust	порыв
gusts	порывы
gut	кишка
guts	кишки
gutter	сток
gutters	стоки
guy	парень
guys	парни
gym	спортзал
gymnasium	спортзал
gymnasiums	спортзалы
gymnast	гимнастка
gymnastics	гимнастика
gymnasticses	гимнастики
gymnasts	гимнастки
gyms	спортзалы
ha	ха
habit	привычка
habitable	жилой
habitation	жильё
habitations	жилища
habits	привычки
habitual	обыкновенный
hades	ад
haemorrhage	кровоизлияние
haemorrhages	кровоизлияния
hag	ведьма
haggle	торг
haggles	торги
hags	ведьмы
hail	град
hair	волос
hair-cutting	стрижка
hair-do	причёска
hair-drier	фен
hair-piece	накладка
haircut	причёска
haircuts	причёски
hairdresser	парикмахер
hairdressers	парикмахеры
hairs	волосы
half	половина
half-and-half	пополам
half-back	полузащитник
half-done	сырой
half-face	пол-оборота
half-litre	пол-литровый
half-moon	полумесяц
half-turn	пол-оборота
half-year	полугодие
halfway	посредине
hall	холл
hallmark	проба
hallmarks	пробы
halls	холлы
hallucination	галлюцинация
hallucinations	галлюцинации
hallway	коридор
hallways	коридоры
halves	половины
ham	ветчина
hamburger	гамбургер
hamburgers	гамбургеры
hamlet	деревушка
hamlets	деревушки
hammer	молоток
hammer-fish	молот-рыба
hammers	молотки
hams	ветчины
hamster	хомяк
hamsters	хомяки
hand	рука
hand-cart	тележка
hand-gun	ружьё
hand-rail	перила
handbag	сумочка
handbags	сумочки
handbook	руководство
handbooks	руководства
handful	горсть
handfuls	горсти
handicraft	мастерство
handicrafts	*мастерства
handing-in	представление
handkerchief	платок
handkerchiefs	платки
handlebars	руль
handlebarses	рули
hands	руки
handshake	рукопожатие
handshakes	рукопожатия
handsome	хороший
handwriting	почерк
handwritings	почерки
handy	удобный
hangar	ангар
hangars	ангары
hanger-on	стволовой
hangman	палач
hangmen	палачи
hangover	похмелье
hangovers	похмелья
haphazardly	кое-как
happily	счастливо
happiness	счастье
happinesses	счастья
happy	счастливый
harbour	гавань
harbours	гавани
hard	сложно
hardcore	жесть
hardcores	жести
hardiness	выносливость
hardinesses	выносливости
hardly	тяжело
hardness	твёрдость
hardnesses	твёрдости
hardship	лишение
hardships	лишения
hardware	железо
hare	заяц
harem	гарем
harems	гаремы
hares	зайцы
harm	вред
harmful	вредно
harmless	невинный
harmonies	гармонии
harmonious	согласный
harmony	гармония
harms	вреды
harsh	резкий
harvest	урожай
harvesting	уборка
harvestings	уборки
harvests	урожаи
haste	гонка
hastes	гонки
hastily	спешно
hat	шляпа
hatred	ненависть
hatreds	ненависти
hats	шляпы
havana	Гавана
haven	гавань
havens	гавани
havoc	разгром
havocs	разгромы
hawk	ястреб
hawks	ястреба
hay	сено
haze	мгла
hazes	туманы
he-goat	козёл
head	голова
head-cook	шеф-повар
head-on	таран
head-phones	наушники
head-piece	шлем
headlight	фара
headlights	фары
headline	заголовок
headlines	заголовки
headlong	стремительный
headquarters	штаб-квартира
headquarterses	штаб-квартиры
heads	головы
headscarf	платок
headscarfs	платки
healing	исцеление
healings	исцеления
health	здоровье
health-giving	полезный
healthily	здорово
healthy	здоровый
heap	воз
heaps	возы
hearsay	слух
hearsays	слухи
hearse-cloth	покров
heart	сердце
heartbeat	биение
heartbeats	биения
hearth	очаг
hearths	очаги
hearts	сердца
heat	жар
heater	печка
heaters	печки
heathen	язычник
heathens	язычники
heating	отопление
heatings	отопления
heats	забеги
heaven	небо
heavenly	небесный
heavens	небеса
heavily	сильно
heaviness	тяжесть
heavinesses	тяжести
heavy	тяжёлый
hebrew	иврит
hebrews	евреи
hectare	гектар
hectares	гектары
hedgehog	ёж
hedgehogs	ежи
heel	каблук
heels	каблуки
heft	черенок
hefts	черенки
hegemonies	гегемонии
hegemony	гегемония
heifer	тёлка
height	высота
heights	высоты
heir	наследник
heiress	наследница
heiresses	наследницы
heirs	наследники
helices	улитки
helicopter	вертолёт
helicopters	вертолёты
helium	гелий
heliums	гелии
helix	улитка
hell	ад
hellish	адский
helm	правило
helmet	шлем
helmets	шлемы
helms	правила
helmsman	рулевой
helper	помощник
helpers	помощники
helpful	полезный
helpless	бессильный
hem	рубец
hemisphere	полушарие
hemispheres	полушария
hemp	конопля
hemps	конопли
hems	рубцы
hen	самка
hence	отсюда
henceforth	отныне
henchman	сторонник
henchmen	сторонники
henry	генри
hens	самки
hepatitides	гепатиты
hepatitis	гепатит
herald	вестник
heralds	вестники
herb	трава
herbaceous	травяной
herbs	травы
hercules	геркулес
herculeses	геркулесы
herd	стадо
herds	стада
hereditary	наследственный
heresies	ереси
heresy	ересь
heretic	еретик
heretics	еретики
heritage	наследие
heritages	наследия
hermit	отшельник
hermitage	эрмитаж
hermits	отшельники
hero	герой
hero-city	город-герой
hero-town	город-герой
heroes	герои
heroic	героический
heroin	героин
heroine	героиня
heroines	героини
heroism	героизм
herr	господин
herring	сельдь
herrings	сельди
herrs	господа
hesitation	колебание
hesitations	колебания
heterosexual	натурал
heyday	расцвет
heydays	расцветы
hibernation	зимовка
hibernations	зимовки
hide-and-seek	прятки
hiding-place	тайник
hierarchies	иерархии
hierarchy	иерархия
high	высокий
high-altitude	высотный
high-capacity	мощный
high-flown	громкий
high-pitched	тонкий
high-powered	мощный
high-rise	высотный
high-speed	скоростной
higher	высший
highest	высочайший
highland	нагорный
highlander	горец
highlanders	горцы
highly	весьма
highway	шоссе
highways	магистрали
hijacker	похититель
hijackers	похитители
hike	поход
hiker	турист
hikers	туристы
hikes	походы
hill	горка
hills	горки
hillside	склон
hillsides	склоны
hilt	рукоятка
hilts	рукоятки
hind	задний
hindrance	помеха
hindrances	помехи
hinge	петля
hinges	петли
hip	бедро
hippie	хиппи
hippopotamus	бегемот
hippopotamuses	бегемоты
hippy	хиппи
hips	бёдра
hipses	шиповники
historian	историк
historians	историки
historic	исторический
historical	исторический
histories	истории
historiographies	историографии
historiography	историография
history	история
hit	удар
hitch	прорыв
hitches	прорывы
hitherto	доселе
hits	удары
hive	улей
hives	ульи
hoard	клад
hoarder	накопитель
hoarders	накопители
hoards	клады
hobbies	коньки
hobbit	хоббит
hobbits	хоббиты
hobby	хобби
hobo	бродяга
hoboes	бродяги
hock-shop	ломбард
hockey	хоккей
hockeys	хоккеи
hog	свинья
hogs	свиньи
hold-up	прорыв
holder	держатель
holders	обладатели
hole	дыра
holes	дыры
holiday	праздник
holiday-maker	отдыхающий
holidays	праздники
holiness	святость
hollow	впадина
hollows	впадины
holmes	холмс
holy	божий
home	дом
home-made	самодельный
home-spun	домашний
homeland	родина
homelands	родины
homeless	бездомный
homes	дома
homestead	двор
homesteads	дворы
homeward	домой
homework	урок
homeworks	уроки
homilies	проповеди
homily	проповедь
homogeneous	однородный
homosexual	гомосексуалист
homosexualities	гомосексуализмы
homosexuality	гомосексуализм
homosexuals	гомосексуалисты
honest	честный
honest-minded	честный
honesties	честности
honestly	честно
honesty	честность
honey	мёд
honeys	меды
honor	честь
honorary	почётный
honourable	почётный
hood	капюшон
hoods	капюшоны
hoof	копыто
hoofs	копыта
hook	крючок
hooks	крючки
hooligan	хулиган
hooligans	хулиганы
hoop	ворота
hoops	ворота
horde	орда
hordes	орды
horizon	горизонт
horizons	горизонты
horizontal	горизонтальный
horizontals	горизонтали
hormone	гормон
hormones	гормоны
horn	рог
horns	рога
horoscope	гороскоп
horoscopes	гороскопы
horrible	ужасный
horriblies	ужасы
horribly	ужасно
horror	жуть
horrors	жути
horse	лошадь
horse-drawn	конный
horse-power	мощность
horse-race	скачки
horse-radish	хрен
horseman	всадник
horsemen	всадники
horses	лошади
horticulture	садоводство
horticultures	садоводства
hose	шланг
hoses	шланги
hospital	больница
hospitalities	гостеприимства
hospitality	гостеприимство
hospitalization	госпитализация
hospitalizations	госпитализации
hospitals	больницы
host	армия
hostage	заложник
hostages	заложники
hostel	общежитие
hostels	общежития
hostess	хозяйка
hostesses	хозяйки
hostile	враждебный
hostilities	неприязни
hostility	неприязнь
hosts	армии
hot	жарко
hot-tempered	азартный
hotbed	очаг
hotbeds	очаги
hotel	отель
hotels	отели
hotly	горячо
hour	час
hour-long	часовой
hours	часы
hourses	часы
house	дом
house-coat	капот
house-hold	дом
house-spirit	домовой
house-top	крыша
house-warming	новоселье
household	хозяйственный
householder	домохозяйка
householders	домохозяйки
housekeeper	эконом
housekeepers	экономы
housemaid	горничная
housemaids	горничные
houses	дома
housewife	домохозяйка
housewives	домохозяйки
however	однако
hub	узел
hubbub	шум
hubbubs	шумы
hubs	узлы
hue	оттенок
hues	оттенки
huge	огромный
hull	корпус
hulls	корпусы
hum	гул
human	человеческий
humane	человеческий
humanely	человечески
humanism	гуманизм
humanisms	гуманизмы
humanitarian	гуманитарный
humanities	человечества
humanity	человечество
humbly	покорно
humeri	плечи
humerus	плечо
humid	влажный
humidity	влажность
humiliation	унижение
humiliations	унижения
humilities	смирения
humility	смирение
humming-bird	колибри
humour	юмор
humours	юморы
hums	гулы
hundred	сто
hundreds	сотни
hundredth	сотый
hungarian	венгерский
hungarians	венгры
hungary	Венгрия
hunger	голод
hunger-strike	голодовка
hungers	голодовки
hungry	голодный
hunt	охота
hunter	охотник
hunters	охотники
hunting	травля
hunting-horn	рог
huntings	травли
hunts	охоты
hurdle	барьер
hurdles	барьеры
hurrah	ура
hurricane	ураган
hurricanes	ураганы
hurriedly	поспешно
hurry-scurry	гонка
hurtful	вредно
husband	муж
husbands	мужья
hut	хата
hutch	клетка
hutches	клетки
huts	хаты
hybrid	гибрид
hybrids	гибриды
hydra	гидра
hydras	гидры
hydraulic	гидравлический
hydrocarbon	углеводород
hydrocarbons	углеводороды
hydrogen	водород
hydrogens	водороды
hygiene	гигиена
hymn	гимн
hymns	гимны
hypertension	гипертония
hypertensions	гипертонии
hyphen	перенос
hyphens	переносы
hypnosis	гипноз
hypocrisy	лицемерие
hypotheses	гипотезы
hypothesis	гипотеза
hysteria	истерия
hysterias	истерии
ice	лёд
ice-boat	ледокол
ice-box	ледник
ice-breaker	ледокол
ice-cold	ледяной
ice-hockey	хоккейный
ice-house	ледник
iceberg	айсберг
icebergs	айсберги
iceland	Исландия
ices	льды
icon	образ
icons	образы
icy	ледяной
idea	идея
ideal	идеальный
ideals	идеалы
ideas	идеи
ideases	воззрения
identical	одинаковый
identification	идентификация
identifications	идентификации
identities	идентичности
identity	идентичность
ideological	идеологический
ideologies	идеологии
ideology	идеология
idiocies	идиотизмы
idiocy	идиотизм
idiot	идиот
idiotic	дурацкий
idiots	идиоты
idly	лениво
idol	идол
idols	идолы
ignition	зажигание
ignitions	зажигания
ignorance	невежество
ignorances	невежества
ignorant	тёмный
ii	противно
il	ир
ill	дурно
illegal	незаконный
illegalities	беззакония
illegality	беззаконие
illegally	нелегально
illegitimate	незаконный
illicit	незаконный
illness	болезнь
illnesses	болезни
illumination	заставка
illuminations	заставки
illusion	иллюзия
illusions	иллюзии
illusory	призрачный
illustration	иллюстрация
illustrations	иллюстрации
illustrious	знаменитый
image	образ
image-bearing	образный
images	образы
imaginary	воображаемый
imagination	воображение
imaginations	воображения
imam	имам
imams	имамы
imbecile	идиот
imbeciles	идиоты
imitation	подражание
imitations	подражания
immediate	непосредственный
immediately	сразу
immense	грандиозный
immigrant	иммигрант
immigrants	иммигранты
immigrantses	иммиграции
immigration	иммиграция
immigrations	иммиграции
immortal	бессмертный
immortalities	бессмертия
immortality	бессмертие
immovable	каменный
immune	застрахованный
immunities	иммунитеты
immunity	иммунитет
immutable	неизменный
impact	влияние
impacts	влияния
impartial	объективный
impasse	тупик
impasses	тупики
impassioned	страстный
impatience	нетерпение
impatiences	нетерпения
impeccable	безупречно
impediment	препятствие
impediments	препятствия
imperfect	неполный
imperfection	несовершенство
imperfections	несовершенства
imperial	императорский
imperialism	империализм
imperious	властный
impertinent	дерзкий
impetuous	бурный
impetus	импульс
impetuses	импульсы
implementation	выполнение
implementations	выполнения
implication	подтекст
implications	подтексты
import	импорт
importance	важность
important	важно
importation	ввоз
importations	ввозы
imports	импорты
imposition	спуск
impositions	спуски
impossibilities	невозможности
impossibility	невозможность
impossible	невозможно
impossibly	невозможно
impostor	самозванец
impostors	самозванцы
impotence	бессилие
impotent	бессильный
impression	впечатление
impressions	впечатления
impressive	сильный
imprisonment	заключение
imprisonments	заключения
improbable	сказочный
improvement	улучшение
improvements	улучшения
improvisation	импровизация
improvisations	импровизации
impulse	импульс
impulses	импульсы
inabilities	неумения
inability	неумение
inaccessible	недоступный
inaccuracies	неточности
inaccuracy	неточность
inaction	бездействие
inactions	бездействия
inactivities	бездействия
inactivity	бездействие
inadequacy	недостаточность
inadequate	недостаточный
inadmissible	недопустимый
inadvertently	нечаянно
inalienable	неотъемлемый
inane	глупый
inappropriate	неподходящий
incantation	заклинание
incantations	заклинания
incapable	неспособный
incarnation	воплощение
incarnations	воплощения
incendiaries	зажигалки
incendiary	зажигалка
incense	курение
incenses	курения
incentive	побуждение
incentives	побуждения
inch	дюйм
inches	дюймы
incidence	падение
incidences	падения
incident	случай
incidentally	кстати
incidents	случаи
incitement	толчок
incitements	толчки
inclement	суровый
inclination	склонность
inclinations	склонности
inclusion	включение
inclusions	включения
inclusive	включительно
incognito	инкогнито
income	доход
incomes	доходы
incoming	входящий
incompatible	несовместимый
incompetence	некомпетентность
incompetences	некомпетентности
incomplete	неполный
incomprehensible	непонятно
inconceivable	невероятно
incongruous	нелепый
inconsistent	несогласный
inconvenience	неудобство
inconveniences	неудобства
inconvenient	неудобно
incorrect	неверный
incorrectly	неправильно
incredible	невероятно
incredibly	невероятно
incursion	вторжение
incursions	наезды
indebted	обязанный
indecision	нерешительность
indecisions	нерешительности
indeed	таки
indeeds	права
indemnities	компенсации
indemnity	компенсация
indentation	абзац
indentations	абзацы
independence	независимость
independences	самостоятельности
independent	независимый
independently	самостоятельно
index	показатель
indexes	показатели
india	Индия
indian	индийский
indians	индейцы
indication	указание
indications	указания
indicator	индикатор
indicators	индикаторы
indifference	равнодушие
indifferent	равно
indignation	возмущение
indignations	возмущения
indigo	индиго
indirect	косвенный
indispensable	необходимый
indisputably	бесспорно
indistinct	глухой
individual	индивидуальный
individualities	индивидуальности
individuality	индивидуальность
individuals	единицы
indivisible	единый
indonesia	Индонезия
indoor	комнатный
inducement	побуждение
inducements	побуждения
induction	наведение
inductions	наведения
indulgence	терпимость
industrial	промышленный
industrialist	промышленник
industrialists	промышленники
industrialization	индустриализация
industrializations	индустриализации
industries	промышленности
industrious	исполнительный
industry	промышленность
ineffective	недействительный
ineffectual	недействительный
inept	абсурдный
inequalities	неравенства
inequality	неравенство
inertia	инерция
inertias	инерции
inescapable	неизбежный
inevitability	неизбежность
inevitable	неизбежно
inevitably	неминуемо
inexpensive	недорогой
infamies	позоры
infamy	позор
infant	младенец
infantile	детский
infantries	пехоты
infantry	пехота
infants	младенцы
infarction	инфаркт
infarctions	инфаркты
infatuation	увлечение
infatuations	увлечения
infection	инфекция
infections	инфекции
inference	заключение
inferences	заключения
inferior	низший
inferiority	неполноценность
infernal	адский
infinite	бесконечный
infinitely	бесконечно
infinities	бесконечности
infinity	бесконечность
inflammation	воспаление
inflammations	воспаления
inflatable	надувной
inflation	инфляция
inflations	инфляции
inflection	оттенок
inflections	оттенки
inflorescence	соцветие
inflorescences	соцветия
inflow	приток
inflows	притоки
influence	влияние
influences	влияния
influential	влиятельный
influenza	грипп
influenzae	гриппы
influx	приток
influxes	притоки
informal	неофициальный
informant	информатор
information	информация
infrastructure	инфраструктура
infrastructures	инфраструктуры
infringement	нарушение
infringements	нарушения
ing	использование
ingredient	ингредиент
ingredients	ингредиенты
ings	использования
inhabitant	жительница
inhabitants	население
inhabitantses	населения
inhalation	вдох
inhalations	вдохи
inherent	присущий
inheritance	наследство
inheritances	наследства
initial	исходный
initiation	посвящение
initiations	посвящения
initiative	инициатива
initiatives	инициативы
initiator	инициатор
initiators	инициаторы
injection	инъекция
injections	инъекции
injuries	подрывы
injury	подрыв
injustice	несправедливость
injustices	несправедливости
ink	чернила
inks	чернила
inlay	мозаика
inlays	мозаики
inlet	губа
inlets	губы
inn	гостиница
innate	природный
inner	внутренний
innocence	невиновность
innocences	*правоты
innocent	невинный
innovation	нововведение
innovations	нововведения
innovative	инновационный
inns	гостиницы
inorganic	неорганический
inquest	следствие
inquests	следствия
inquiries	запросы
inquiry	запрос
inquisition	инквизиция
inquisitions	инквизиции
insane	безумный
insanities	безумия
insanity	безумие
inscription	надпись
inscriptions	надписи
insect	насекомое
insects	насекомые
insecure	небезопасный
insertion	включение
insertions	включения
inset	вставка
insets	вставки
inside	внутри
insides	внутренности
insidious	коварный
insignificant	незначительный
insincere	фальшивый
insipid	пресный
insistence	настояние
insistences	настояния
insistent	настоятельный
insolence	наглость
insolences	наглости
insolent	дерзкий
insolvencies	несостоятельности
insolvency	несостоятельность
insomnia	бессонница
insomnias	бессонницы
inspection	инспекция
inspections	инспекции
inspector	инспектор
inspectors	инспекторы
inspiration	вдохновение
inspirations	вдохновения
instabilities	нестабильности
instability	нестабильность
installation	проведение
installations	проведения
installments	рассрочка
installmentses	рассрочки
instalment	выпуск
instalments	выпуски
instance	инстанция
instances	инстанции
instant	момент
instantaneous	мгновенный
instantly	мгновенно
instants	моменты
instigator	провокатор
instigators	провокаторы
instinct	инстинкт
instinctive	бессознательный
instincts	инстинкты
institute	институт
institutes	институты
institution	заведение
institutions	заведения
instruction	обучение
instructions	обучения
instructionses	директивы
instructor	инструктор
instructors	инструкторы
instrument	инструмент
instrument-making	приборостроение
instruments	инструменты
insubordination	неповиновение
insubordinations	неповиновения
insufferable	невозможный
insufficiency	недостаточность
insufficient	недостаточно
insufficiently	недостаточно
insular	островной
insulation	изоляция
insulations	изоляции
insulator	ролик
insulators	ролики
insulin	инсулин
insulins	инсулины
insurance	страхование
insurances	страхования
insurer	страховщик
insurers	страховщики
insurgent	повстанческий
insurgents	повстанцы
insurrection	восстание
insurrections	восстания
integer	целое
integral	интеграл
integrals	интегралы
integration	интеграция
integrations	интеграции
integrities	честности
integrity	целостность
intellect	интеллект
intellects	интеллекты
intellectual	интеллектуальный
intellectuals	интеллектуалы
intellectualses	интеллигенции
intelligence	разведка
intelligences	разведки
intelligent	умный
intelligentsia	интеллигенция
intelligentsias	интеллигенции
intelligible	понятный
intense	сильный
intensification	обострение
intensifications	обострения
intensities	интенсивности
intensity	интенсивность
intensive	интенсивный
intent	пристальный
intention	намерение
intentional	умышленный
intentionally	специально
intentions	намерения
intently	внимательно
interaction	взаимодействие
interactions	взаимодействия
intercession	ходатайство
intercessions	ходатайства
interchange	обмен
interchanges	обмены
intercourse	общение
intercourses	общения
interdependence	взаимосвязь
interdependences	взаимосвязи
interestingly	интересно
interference	вмешательство
interferences	вмешательства
intergovernmental	межгосударственный
interim	промежуточный
interior	интерьер
interiors	интерьеры
intermediaries	посредники
intermediary	посредник
intermediate	промежуточный
interment	погребение
interments	погребения
interminable	бесконечный
intermission	перемена
intermissions	перемены
intern	стажёр
international	международный
internationalist	интернационалист
internationalists	интернационалисты
internet	интернет
internets	интернеты
interns	стажёры
internship	стажировка
internships	стажировки
interpretation	интерпретация
interpretations	интерпретации
interpreter	переводчик
interpreters	переводчики
interrogation	допрос
interrogations	допросы
interruption	перерыв
interruptions	перерывы
intersection	пересечение
intersections	пересечения
interstitial	промежуточный
interval	промежуток
intervals	промежутки
intervention	интервенция
interventions	интервенции
interview	интервью
interviews	беседы
intestine	кишка
intestines	кишки
intestineses	внутренности
intimacies	сближения
intimacy	близость
intimate	интимный
intimately	коротко
intolerable	невыносимый
intolerance	нетерпимость
intolerances	нетерпимости
intonation	интонация
intonations	интонации
intoxication	опьянение
intoxications	опьянения
intravenous	внутривенный
intrepid	бесстрашный
intricate	сложный
intricately	хитро
intrigue	интрига
intrigues	интриги
introduction	введение
introductions	введения
introductory	вступительный
intrusion	внедрение
intrusions	внедрения
intuition	интуиция
intuitions	интуиции
intuitively	интуитивно
invader	захватчик
invaders	захватчики
invalid	инвалид
invalids	инвалиды
invaluable	бесценный
invasion	вторжение
invention	изобретение
inventions	изобретения
inventiveness	выдумка
inventivenesses	выдумки
inventor	изобретатель
inventors	изобретатели
inversely	обратно
invertebrate	беспозвоночный
investigation	расследование
investigations	расследования
investigator	исследователь
investigators	исследователи
investigatory	следственный
investment	инвестиция
investments	инвестиции
investor	инвестор
investors	инвесторы
invincible	непобедимый
invisible	невидимый
invitation	приглашение
invitations	приглашения
invoice	фактура
invoices	фактуры
involuntarily	невольно
inwardly	внутренне
inwards	внутрь
iodine	йод
iodines	йоды
ion	ион
ions	ионы
iran	Иран
iranian	иранский
iraqi	иракский
ire	гнев
ireland	ирландия
ires	гневы
iridescent	радужный
iris	ирис
irises	ирисы
irish	ирландский
irishman	ирландец
irishmans	ирландцы
iron	железо
ironies	иронии
irony	ирония
irradiation	облучение
irradiations	облучения
irregular	неправильный
irregularities	перебои
irregularity	перебой
irregularly	неправильно
irrevocably	безвозвратно
irrigation	орошение
irrigations	орошения
irritation	раздражение
irritations	раздражения
islam	ислам
islams	исламы
island	остров
islands	острова
isle	остров
isles	острова
islet	островок
islets	островки
isolation	изоляция
isolations	изоляции
isotope	изотоп
isotopes	изотопы
israel	Израиль
israeli	израильский
israelis	израильтяне
israelite	иудей
israelites	иудеи
issue	выпуск
issues	выпуски
italian	итальянский
italians	итальянцы
italies	Италии
italy	Италия
item	предмет
items	предметы
itinerant	передвижной
itineraries	маршруты
itinerary	маршрут
jackal	шакал
jackals	шакалы
jacket	куртка
jackets	куртки
jaguar	ягуар
jaguars	ягуары
jail	тюрьма
jail-breaker	беглец
jails	тюрьмы
jam	джем
jams	джемы
janitor	дворник
janitors	дворники
januaries	январи
january	январь
japan	Япония
japanese	японский
japaneses	японцы
jar	банка
jars	банки
jasmin	жасмин
jaw	челюсть
jaws	челюсти
jazz	джаз
jealousies	ревности
jealousy	ревность
jeans	джинсы
jeep	джип
jeeps	джипы
jelly	желе
jellyfish	медуза
jellyfishes	медузы
jeopardies	опасности
jeopardy	опасность
jersey	джерси
jester	шут
jesters	шуты
jet	шутка
jets	шутки
jew	еврей
jewel	драгоценность
jewellery	ювелирный
jewelries	драгоценности
jewelry	драгоценность
jewels	драгоценности
jewish	еврейский
jews	евреи
job	работа
jobless	безработный
jobs	работы
joiner	столяр
joiners	столяры
joining	соединение
joinings	соединения
joint	совместный
joint-stock	акционерный
jointly	совместно
joints	суставы
joker	шутник
jokers	шутники
jolt	толчок
jolts	толчки
journal	журнал
journalism	журналистика
journalisms	журналистики
journalist	журналист
journalistic	журналистский
journalists	журналисты
journals	журналы
journey	путешествие
journeys	путешествия
joy	радость
joyful	радостный
joyous	радостный
joys	радости
jubilee	юбилей
jubilees	юбилеи
judas	иуда
judases	иуды
judgment	суд
judgments	суды
judicial	судебный
judicious	разумный
judo	дзюдо
jug	кувшин
jugs	кувшины
juice	сок
juices	соки
juicy	сочный
julies	июли
july	июль
jumble	каша
jumbles	каши
jumpsuit	комбинезон
jumpsuits	комбинезоны
junction	соединение
junctions	соединения
juncture	конъюнктура
junctures	конъюнктуры
june	июнь
junes	июни
jungle	джунгли
jungles	джунгли
junior	младший
junk	добро
junks	*добра
junta	хунта
juntas	хунты
jupiter	юпитер
jupiters	юпитеры
jurisdiction	юрисдикция
jurisdictions	юрисдикции
jurisprudence	юриспруденция
jurisprudences	юриспруденции
jurist	юрист
jurists	юристы
juror	присяжный
justice	справедливость
justices	справедливости
justification	оправдание
justifications	оправдания
jut	выступ
juts	выступы
juvenile	подросток
juveniles	подростки
kaleidoscope	калейдоскоп
kaleidoscopes	калейдоскопы
kamikaze	камикадзе
kangaroo	кенгуру
karate	карате
kazakh	казахский
kazakhs	казахи
kazakhstan	Казахстан
keel	киль
keels	кили
keen	сильный
keenly	остро
keeper	хранитель
keepers	хранители
kennel	будка
kennels	будки
kernel	зерно
kernels	зёрна
kerosene	керосин
kerosenes	керосины
kettle	чайник
kettles	чайники
key	ключ
keyboard	клавиатура
keyboards	клавиатуры
keys	ключи
keystone	замок
keystones	замки
kgb	кгб
kgbs	спецслужбы
khaki	хаки
khan	хан
khans	ханы
kid	ребёнок
kiddies	детишки
kidnapper	похититель
kidnappers	похитители
kidney	почка
kidneys	почки
kidneyses	почки
kids	дети
kiev	Киев
killer	убийца
killers	убийцы
kilogram	килограмм
kilograms	килограммы
kilometre	километр
kilometres	километры
kilowatt	киловатт
kilowatt-hour	киловатт-час
kilowatts	киловатты
kimono	кимоно
kin	родной
kind	добрый
kindergarten	детсад
kindergartens	детсады
kindly	любезно
kindness	внимание
kindnesses	внимания
kindred	родственный
kindreds	родственники
kinds	сорта
king	король
kingdom	королевство
kingdoms	королевства
kings	короли
kins	родни
kinship	родство
kinships	*родства
kinsman	родственник
kinsmen	родственники
kiosk	киоск
kiosks	киоски
kit	набор
kitchen	кухня
kitchen-garden	огород
kitchens	кухни
kite	коршун
kites	коршуны
kits	наборы
kitten	котёнок
kittens	котята
kitties	коны
kitty	кон
knee	колено
knees	колени
knife	нож
knight	рыцарь
knights	рыцари
knives	ножи
knob	шишка
knobs	шишки
knock-out	нокаут
knoll	холм
knolls	холмы
knot	узел
knots	узлы
know-all	умник
know-how	ноу-хау
knowledge	знание
knowledgeable	ориентированный
knowledges	знания
konstantin	константин
konstantins	Константины
koran	коран
korans	кораны
korea	корея
korean	корейский
koreans	корейцы
kremlin	кремль
kremlins	кремли
kyiv	киевский
label	этикетка
labels	этикетки
laboratories	лаборатории
laboratory	лаборатория
labour	труд
labourer	рабочий
labourers	рабочие
labours	труды
labyrinth	лабиринт
labyrinths	лабиринты
lace	шнурок
laces	шнурки
lackey	лакей
lackeys	лакеи
lacquer	лак
lacquers	лаки
lactic	молочный
lad	парень
ladder	лестница
ladders	лестницы
ladies	дамы
lads	ребята
ladses	ребята
lady	леди
lady-in-waiting	статс-дама
lady-love	возлюбленная
lag	отставание
lagoon	лагуна
lagoons	лагуны
lags	отставания
lair	логово
lairs	логова
lake	озеро
lakes	озёра
lakeside	береговой
lama	лама
lamb	ягнёнок
lambs	ягнята
lame	хромой
lamp	лампа
lamp-bracket	бра
lamp-holder	патрон
lamp-socket	патрон
lamps	лампы
land	земля
land-improvement	мелиорация
land-reclamation	мелиорация
land-surveying	геодезия
landing	десант
landings	десанты
landladies	хозяйки
landlady	хозяйка
landlord	хозяин
landlords	хозяева
landmark	веха
landmarks	вехи
landowner	помещик
landowners	помещики
lands	земли
landscape	ландшафт
landscapes	ландшафты
landslide	обвал
landslides	обвалы
lane	переулок
lanes	переулки
language	язык
languages	языки
lantern	фонарь
lanterns	фонари
lap	этап
lap-dog	собачка
lap-robe	полость
lapel	борт
lapels	борта
laps	этапы
laptop	ноутбук
laptops	ноутбуки
larcenies	кражи
larceny	кража
lard	сало
lards	сала
large	крупный
large-scale	крупный
larger	больше
largest	крупнейший
lark	жаворонок
larks	жаворонки
larva	личинка
larvae	личинки
larynx	гортань
larynxes	гортани
laser	лазер
lasers	лазеры
lash	удар
lashes	удары
lass	девушка
lasses	девушки
lassie	лапочка
lassies	лапочки
last	последний
late	поздно
latent	скрытый
later	позже
lateral	боковой
latest	последний
lather	пена
lathers	пены
latin	латинский
latin-american	латиноамериканский
latitude	широта
latitudes	широты
latter	последний
lattice	решётка
lattices	решётки
latvia	Латвия
latvian	латвийский
laughter	смех
laughters	смехи
laundries	стирки
laundry	бельё
laureate	лауреат
laureates	лауреаты
lava	лава
lavatories	туалеты
lavatory	туалет
lavish	обильный
law	закон
law-court	суд
law-giver	законодатель
law-maker	законодатель
lawful	законный
lawfully	законно
lawlessness	беззаконие
lawlessnesses	беззакония
lawn	газон
lawns	газоны
laws	законы
lawsuit	процесс
lawsuits	процессы
lawyer	юрист
lawyers	юристы
lay-out	устройство
layer	слой
layers	слои
laying-in	заготовка
layout	расположение
layouts	расположения
lazily	лениво
laziness	лень
lazy	ленивый
lead-in	ввод
leader	руководитель
leaders	руководители
leaderses	руководства
leadership	руководство
leaderships	руководства
leaf	лист
leaf-bud	почка
leaflet	листовка
leaflets	листовки
league	лига
leagues	лиги
leakage	утечка
leakages	утечки
lean-to	навес
learner	ученик
learners	ученики
leather	кожа
leather-dresser	кожевник
leathers	кожи
leave-taking	прощание
leaves	листья
lecture	лекция
lecture-hall	аудитория
lecture-room	аудитория
lecturer	лектор
lecturers	лекторы
lectures	лекции
ledge	выступ
ledges	выступы
lees	гуща
leeses	гущи
left-hand	левый
left-hander	левша
left-wing	левый
left-winger	левый
leftist	левый
leftists	левые
leftovers	остаток
leftoverses	остатки
leg	нога
legacies	наследия
legacy	наследие
legal	правовой
legalities	законности
legality	законность
legalization	легализация
legalizations	легализации
legally	законно
legation	миссия
legations	миссии
legend	легенда
legendary	легендарный
legends	легенды
legible	чёткий
legion	легион
legions	легионы
legislation	законодательство
legislations	законодательства
legislative	законодательный
legislator	законодатель
legislators	законодатели
legitimate	законный
legs	ноги
leisure	досуг
leisure-time	досуг
leisures	досуги
lemon	лимон
lemonade	лимонад
lemonades	лимонады
lemons	лимоны
length	длина
lengths	длины
lengthwise	продольный
lengthy	длинный
lenin	ленинский
leningrad	Ленинград
lens	линза
lenses	линзы
leo	лев
leopard	леопард
leopards	леопарды
leos	львы
lessee	арендатор
lessees	арендаторы
lesser	меньший
lesson	урок
lessons	уроки
lessonses	занятия
letter	письмо
letter-carrier	почтальон
letters	письма
lettuce	салат
lettuces	салаты
lev	лев
level	уровень
levels	уровни
lever	рычаг
levers	рычаги
leviathan	левиафан
levies	взимания
levs	львы
levy	взимание
lew	лев
lews	львы
lexical	словарный
liabilities	обязательство
liabilitieses	обязательства
liable	подверженный
liaison	связной
liar	лжец
liars	лжецы
libel	клевета
libels	клеветы
liberal	либеральный
liberalism	либерализм
liberalisms	либерализмы
liberals	либералы
liberation	освобождение
liberations	освобождения
liberties	свободы
liberty	свобода
libra	весы
librarian	библиотекарь
librarians	библиотекари
libraries	библиотеки
library	библиотека
libretto	либретто
licence	лицензия
licences	лицензии
lid	крышка
lids	крышки
lieutenant	лейтенант
lieutenant-colonel	подполковник
lieutenant-general	генерал-лейтенант
lieutenants	лейтенанты
life	жизнь
life-saver	спасатель
life-saving	спасательный
life-support	жизнеобеспечение
lifeless	каменный
lifelong	пожизненный
lifetime	век
lifetimes	века
ligament	связка
ligaments	связки
light	свет
lighter	полегче
lighters	зажигалки
lighthouse	маяк
lighthouses	маяки
lighting	освещение
lightings	освещения
lightly	легко
lightness	лёгкость
lightnesses	лёгкости
lightning	молния
lightnings	молнии
lights	*светы
likable	симпатичный
likelihood	вероятность
likelihoods	вероятности
likely	вероятный
likeness	подобие
likenesses	подобия
lilac	сирень
lilacs	сирени
lili	лилия
lilis	лилии
limb	член
limbs	члены
lime	липа
limes	липы
limestone	известняк
limestones	известняки
limit	предел
limitation	ограничение
limitations	ограничения
limitless	неограниченный
limits	пределы
limousine	лимузин
limousines	лимузины
linden	липа
lindens	липы
line	линия
lineage	происхождение
lineages	происхождения
linear	линейный
linen	полотно
linens	полотна
liner	лайнер
liners	лайнеры
lines	линии
ling	щука
lings	щуки
linguist	лингвист
linguistic	лингвистический
linguistics	языкознание
linguists	лингвисты
link	связь
link-verb	глагол-связка
links	связи
lion	лев
lioness	львица
lionesses	львицы
lions	львы
lip	губа
lips	губы
lipstick	помада
lipsticks	помады
liquid	жидкость
liquidation	ликвидация
liquidations	ликвидации
liquids	жидкости
liquor	вино
liquors	вина
lira	лира
lire	лиры
list	список
listener	слушатель
listeners	слушатели
lists	списки
literacies	грамотности
literacy	грамотность
literal	буквальный
literally	буквально
literary	литературный
literate	грамотный
literature	литература
literatures	литературы
lithium	литий
lithuania	Литва
lithuanian	литовский
lithuanians	литовцы
litre	литр
litres	литры
litter	носилки
littoral	приморье
littorals	приморья
liturgies	литургии
liturgy	литургия
lively	яркий
liver	печень
livers	печени
lives	жизни
livestock	скот
livestocks	скоты
living	проживание
livings	проживания
lizard	ящерица
lizards	ящерицы
load	груз
load-bearing	несущий
loading	нагрузка
loadings	нагрузки
loads	грузы
loaf	хлеб
loan	заём
loan-word	заимствование
loans	займы
loathsome	отвратительный
loaves	хлебы
lobbies	холлы
lobby	холл
lobe	доля
lobes	доли
lobster	омар
lobsters	омары
local	местный
localities	места
locality	место
localization	локализация
localizations	локализации
location	положение
locations	положения
lock	затвор
locker	шкаф
lockers	шкафы
locket	медальон
lockets	медальоны
locks	затворы
locksmith	слесарь
locksmiths	слесари
locomotive	локомотив
locomotive-driver	машинист
locomotives	локомотивы
lode	жила
lodes	жилы
lodger	постоялец
lodgers	постояльцы
log	бревно
logic	логика
logical	логично
logically	логично
logics	логики
logs	брёвна
london	Лондон
lone	одинокий
loneliness	одиночество
lonelinesses	одиночества
lonely	одиноко
long	долгий
long-awaited	долгожданный
long-dated	долгосрочный
long-expected	долгожданный
long-standing	давний
long-term	долгосрочный
longed-for	желанный
longevities	долголетия
longevity	долголетие
longitude	долгота
longitudes	долготы
longitudinal	продольный
loo	туалет
looking-glass	зеркало
loonies	психи
loony	псих
loop	петля
loops	петли
loos	туалеты
loose	свободный
loose-fitting	свободный
loot	добыча
loots	добычи
lord	господи
lords	лорды
lorries	грузовики
lorry	грузовик
loss	потеря
losses	потери
losseses	потери
lotteries	лотереи
lottery	лотерея
lotus	лотос
lotuses	лотосы
loud	громко
lounge-car	салон-вагон
lousy	хреновый
lovely	прелестно
lover	любовник
lovers	любовники
low	низкий
lower	ниже
lowland	низменность
lowlands	низменности
loyal	верный
loyalties	лояльности
loyalty	лояльность
lubricant	смазка
lubricants	смазки
lubrication	смазка
lubrications	смазки
lucid	ясный
luck	успех
lucks	успехи
lucky	счастливый
lucrative	хлебный
ludicrous	смешной
luge	сани
luges	сани
luggage	багаж
lullabies	колыбельные
lullaby	колыбельная
lumber	хлам
lumbers	хламы
luminescence	свечение
luminescences	свечения
luminous	светящийся
lump	комок
lumps	комки
lunar	лунный
lunatic	сумасшедший
lunch	обед
lunch-time	обед
luncheon	завтрак
luncheons	завтраки
lunches	обеды
lung	лёгкое
lunge	выпад
lunges	выпады
lungs	лёгкие
lust	похоть
lustre	блеск
lux	люкс
luxes	люксы
luxurious	роскошный
luxury	роскошь
lviv	львовский
lviv-based	львовский
lyceum	лицей
lyceums	лицеи
lying-in	роды
lynx	рысь
lynxes	рыси
lyra	лира
lyras	лиры
lyre	лира
lyres	лиры
lyric	лирический
lyrical	лирический
ma	тётка
macaroni	макароны
mace	маз
macedonia	Македония
macedonian	македонский
maces	мазы
machinations	кухня
machinationses	кухни
machine	аппарат
machine-building	машиностроительный
machine-gun	пулемёт
machineries	аппараты
machinery	аппарат
machines	аппараты
machinist	машинист
machinists	машинисты
mackintosh	плащ
mackintoshes	плащи
mad	шалый
madam	мадам
madame	госпожа
madames	госпожи
madams	сударыни
mademoiselle	мадемуазель
mademoiselles	мадемуазели
madly	безумно
madman	псих
madmen	психи
madness	безумие
madnesses	безумия
madonna	мадонна
madonnas	мадонны
maelstrom	водоворот
maelstroms	водовороты
maestro	маэстро
mafia	мафия
mafias	мафии
magazine	журнал
magazines	журналы
maggot	личинка
maggots	личинки
magic	магия
magical	магический
magician	волшебник
magicians	волшебники
magics	магии
magnate	магнат
magnates	магнаты
magnesium	магний
magnesiums	магнии
magnet	магнит
magnetic	магнитный
magnets	магниты
magnification	увеличение
magnifications	увеличения
magnificence	блеск
magnificences	великолепия
magnificent	великолепный
magnificently	здорово
magnitude	величина
magnitudes	величины
magpie	сорока
magpies	сороки
maid	прислуга
maiden	дева
maidens	девы
maids	прислуги
main	главный
mainland	материк
mainlands	материки
mainly	преимущественно
mains	магистрали
maintenance	содержание
maintenances	содержания
maize	кукуруза
maizes	кукурузы
majestic	гордый
majesties	величества
majesty	величество
majlis	меджлис
majlises	меджлисы
major	майор
major-general	генерал-майор
majors	майоры
make-up	состав
maker	творец
makers	творцы
makings	данные
makingses	данные
malaria	малярия
malarias	малярии
malaysia	Малайзия
male	самец
males	самцы
malfunction	сбой
malfunctions	сбои
malice	злость
malices	злости
malicious	злой
maliciouslies	зла
maliciously	зло
malignant	злокачественный
mama	мама
mamas	мамы
mammal	млекопитающий
mammals	млекопитающие
mammoth	мамонт
mammoths	мамонты
man	мужчина
man-made	искусственный
man-servant	лакей
management	администрация
managements	администрации
manager	менеджер
managerial	административный
managers	менеджеры
mandate	мандат
mandates	мандаты
maneuver	маневр
maneuvers	маневры
manganese	марганец
manganeses	марганцы
manger	ясли
mangers	ясли
mango	манго
mania	мания
maniac	маньяк
maniacs	маньяки
manias	мании
manicure	маникюр
manicures	маникюры
manifestation	проявление
manifestations	проявления
manifestly	очевидно
manifesto	манифест
manifestos	манифесты
manifold	коллектор
manifolds	коллекторы
manipulation	манипуляция
manipulations	манипуляции
mankind	человечество
mankinds	человечества
manly	мужественный
manna	манна
mannas	манны
mannequin	манекен
mannequins	манекены
manner	образ
manners	образы
manoeuvre	комбинация
manoeuvres	комбинации
manor	имение
manors	имения
mansion	особняк
mansions	особняки
mantle	мантия
mantles	мантии
manual	руководство
manuals	руководства
manufacture	производство
manufacturer	промышленник
manufacturers	промышленники
manufactures	производства
manure	навоз
manures	навозы
manuscript	рукопись
manuscripts	рукописи
many-coloured	разноцветный
map	карта
map-case	планшет
maps	карты
marathon	марафон
marathons	марафоны
marble	мрамор
march	март
marches	марты
mare	кобыла
mares	кобылы
margin	поле
margins	поля
mari	мари
marijuana	марихуана
marijuanas	марихуаны
marine	морской
marines	марины
maritime	морской
marker	маркёр
markers	маркеры
market	рынок
marketable	товарный
marketing	маркетинг
marketings	маркетинги
markets	рынки
marking	маркировка
marking-out	разметка
markings	маркировки
marquee	шатёр
marquees	шатры
marriage	брак
marriages	браки
marrow	мозг
marrows	мозги
marsh	болото
marsh-gas	метан
marshal	маршал
marshals	маршалы
marshes	болота
marshmallow	зефир
marshmallows	зефиры
martial	боевой
martyr	мученик
martyrs	мученики
marvel	чудо
marvellous	дивный
marvels	чудеса
marxism	марксизм
marxisms	марксизмы
marxist	марксист
marxists	марксисты
mas	тётки
masculine	мужской
mask	маска
masks	маски
masquerade	маскарад
masquerades	маскарады
mass	масса
mass-meeting	митинг
massacre	избиение
massacres	избиения
massage	массаж
massages	массажи
masses	массы
massif	массив
massifs	массивы
massive	массивный
mast	мачта
master	хозяин
masterful	властный
masteries	*мастерства
masterpiece	шедевр
masterpieces	шедевры
masters	хозяева
mastery	мастерство
mastiff	дог
mastiffs	доги
masts	мачты
mat	мат
mat-bag	куль
match	матч
matches	матчи
mate	мат
material	материал
materials	материалы
materiel	техника
materiels	техники
maternal	материнский
maternities	материнства
maternity	материнство
mates	маты
mathematical	математический
mathematician	математик
mathematicians	математики
mathematics	математика
mathematicses	математики
mating-place	ток
matrices	матрицы
matrimonial	супружеский
matrimonies	браки
matrimony	брак
matrix	матрица
matron	сестра-хозяйка
mats	маты
mattress	матрас
mattresses	матрасы
maturities	зрелости
maturity	зрелость
mausoleum	мавзолей
mausoleums	мавзолеи
maxim	правило
maxims	правила
maximum	максимум
maximums	максимумы
may-day	майский
maybe	наверное
maybes	чаи
mayonnaise	майонез
mayonnaises	майонезы
mayor	мэр
mayors	мэры
maze	лабиринт
mazes	лабиринты
mead	мёд
meadow	луг
meadows	луга
meads	меды
meal	еда
meaning	значение
meaningful	значимый
meaningless	тупой
meanings	значения
measles	корь
measleses	кори
measure	мера
measurement	измерение
measurements	измерения
measures	меры
meat	мясо
meat-chopper	мясорубка
meat-grinder	мясорубка
mechanic	механик
mechanical	механический
mechanics	механики
mechanism	механизм
mechanisms	механизмы
medal	медаль
medallion	медальон
medallions	медальоны
medals	медали
media	сми
mediation	посредничество
mediations	посредничества
mediator	посредник
mediators	посредники
medical	медицинский
medicals	медосмотры
medicinal	лекарственный
medicine	медицина
medicines	медицины
medieval	средневековый
meditation	медитация
meditations	медитации
medium	среда
medley	смесь
medleys	смеси
medusa	медуза
medusas	медузы
meekly	смиренно
meeting	встреча
meetings	встречи
megaphone	мегафон
megaphones	мегафоны
melancholy	тоска
melee	схватка
melees	схватки
melodies	мелодии
melodrama	мелодрама
melodramas	мелодрамы
melodramatic	театральный
melody	мелодия
melon	дыня
melons	дыни
member	член
members	члены
membership	состав
memberships	составы
membrane	мембрана
membranes	мембраны
memoirs	мемуары
memoirses	мемуары
memorable	памятный
memorandum	меморандум
memorandums	меморандумы
memorial	памятник
memorials	памятники
memories	памяти
memory	память
men	мужчины
menial	дворовый
mental	психический
mentalities	менталитеты
mentality	менталитет
mentally	мысленно
mentor	наставник
mentors	наставники
menu	меню
mercedes	мерседес
mercenaries	наёмники
mercenary	наёмник
merchant	торговец
merchants	торговцы
mercies	милости
merciful	милостивый
merciless	безжалостно
mercury	меркурий
mercy	милость
mere	чистый
merely	чисто
merger	комбинация
mergers	комбинации
meridian	меридиан
meridians	меридианы
merit	заслуга
merits	заслуги
mermaid	русалка
mermaids	русалки
merriment	веселье
merriments	веселья
merry	развесёлый
merry-go-round	карусель
merry-making	веселье
mess	мура
mess-dish	бак
mess-tin	котелок
message	сообщение
messages	сообщения
messenger	курьер
messengers	курьеры
messes	*муры
messiah	мессия
messiahs	мессии
messieurs	господа
messrs	господа
metal	металл
metal-worker	металлист
metallic	металлический
metallurgical	металлургический
metallurgies	металлургии
metallurgy	металлургия
metals	металлы
metamorphoses	превращения
metamorphosis	превращение
metaphor	метафора
metaphorical	переносный
metaphors	метафоры
meteor	метеор
meteorite	метеорит
meteorites	метеориты
meteorological	метеорологический
meteorologies	метеорологии
meteorology	метеорология
meteors	метеоры
meter	счётчик
meters	счётчики
methane	метан
methanes	метаны
methinks	чай
methinkses	чаи
method	способ
methodical	систематический
methodically	систематически
methodological	методологический
methodologies	методологии
methodology	методология
methods	способы
metre	метр
metres	метры
metro	метро
metrology	метрология
metropolis	столица
metropolises	столицы
metropolitan	митрополит
metropolitans	митрополиты
metros	метрополитены
mew	чайка
mews	чайки
mexican	мексиканский
mexicans	мексиканцы
mice	мыши
micro-district	микрорайон
microbe	микроб
microbes	микробы
microbiologies	микробиологии
microbiology	микробиология
microphone	микрофон
microphones	микрофоны
microscope	микроскоп
microscopes	микроскопы
midday	полдень
middays	полдни
middle	средний
middle-aged	солидный
middleman	посредник
middlemen	посредники
middles	середины
midnight	полночь
midnights	полночи
midshipman	мичман
midshipmen	мичманы
midst	середина
midsts	середины
mighty	больно
migrant	мигрант
migrants	мигранты
migration	миграция
migrations	миграции
migratory	миграционный
mike	микрофон
mikes	микрофоны
milan	Милан
mild	тёплый
mildly	мягко
mile	миля
miles	мили
milestone	верста
milestones	вёрсты
milieu	среда
milieus	среды
militant	боевой
militarily	военно
military	военный
militia	милиция
militias	милиции
milk	молоко
milky	молочный
mill	мельница
millennium	тысячелетие
millenniums	тысячелетия
miller	мельник
millers	мельники
millimetre	миллиметр
millimetres	миллиметры
million	миллион
millionaire	миллионер
millionaires	миллионеры
millions	миллионы
millionth	миллионный
mills	мельницы
mind	ум
minds	умы
mindset	настроение
mindsets	настроения
miner	шахтёр
mineral	минеральный
mineralogy	минералогия
minerals	минералы
miners	шахтёры
mini	мини
miniature	миниатюра
miniatures	миниатюры
minibus	микроавтобус
minibuses	микроавтобусы
minimum	минимум
minimums	минимумы
minion	фаворит
minions	фавориты
miniscule	ничтожно
minister	министр
ministers	министры
ministries	министерства
ministry	министерство
minor	несовершеннолетний
minorities	меньшинства
minority	меньшинство
minsk	Минск
minus	минус
minuses	минусы
minute	минута
minutes	минуты
miracle	чудо
miracles	чудеса
miraculous	чудесный
miraculously	чудом
mirage	мираж
mirages	миражи
mire	болото
mires	болота
mirror	зеркало
mirrors	зеркала
mirth	веселье
mirths	веселья
mis	неправильно
misappropriation	хищение
misappropriations	хищения
miscarriage	аборт
miscarriages	аборты
miser	скупой
miserable	горький
misfortune	беда
misfortunes	беды
misinterpretation	извращение
misinterpretations	извращения
misrepresentation	искажение
misrepresentations	искажения
misshapen	уродливый
missile	ракета
missiles	ракеты
mission	миссия
missions	миссии
missus	миссис
missuses	хозяйки
mist	туман
mistake	ошибка
mistakes	ошибки
mister	мистер
misters	мистеры
mistral	мистраль
mistress	хозяйка
mistresses	хозяйки
mists	туманы
misunderstanding	недоразумение
misunderstandings	недоразумения
misuse	злоупотребление
misuses	злоупотребления
mite	лепта
mites	лепты
mitigation	смягчение
mitigations	смягчения
mixture	смесь
mixtures	смеси
mob	сборище
mobile	мобильный
mobilities	подвижности
mobility	подвижность
mobilization	мобилизация
mobilizations	мобилизации
mobs	сборища
mock-up	макет
mockeries	издевательства
mockery	издевательство
mode	образ
model	модель
modelling	моделирование
modellings	моделирования
models	модели
moderate	умеренный
modern	современный
modernization	модернизация
modernizations	модернизации
modes	образы
modest	скромный
modesties	скромности
modestly	скромно
modesty	скромность
modification	модификация
modifications	модификации
module	модуль
modules	модули
moduli	модули
modulus	модуль
moist	мокрый
moisture	влага
moldova	Молдавия
mole	крот
molecular	молекулярный
molecule	молекула
molecules	молекулы
moles	кроты
mom	мама
moment	момент
momenta	инерции
momentary	минутный
moments	моменты
momentum	инерция
mommies	мамы
mommy	мама
moms	мамы
monarch	монарх
monarchies	монархии
monarchs	монархи
monarchy	монархия
monasteries	монастыри
monastery	монастырь
monastic	монастырский
monday	понедельник
mondays	понедельники
monetary	денежный
money	деньги
money-box	копилка
mongol	монгол
mongolian	монгольский
mongolians	монголы
mongols	монголы
mongrel	ублюдок
mongrels	ублюдки
monitor	монитор
monitors	мониторы
monk	монах
monkey	обезьяна
monkeys	обезьяны
monks	монахи
monogram	шифр
monograms	шифры
monograph	монография
monographs	монографии
monolith	монолит
monoliths	монолиты
monologue	монолог
monologues	монологи
monopolies	монополии
monopoly	монополия
monsieur	господин
monster	чудовище
monsters	чудовища
monstrosities	уроды
monstrosity	урод
monstrous	чудовищный
montage	монтаж
montages	монтажи
montenegro	Черногория
month	месяц
monthly	ежемесячно
months	месяцы
monument	памятник
monuments	памятники
mood	настроение
moods	настроения
moon	луна
moons	луны
moot	спорный
mopping-up	очистка
moral	мораль
morally	морально
morals	морали
moralses	нравственности
moratorium	мораторий
moratoriums	моратории
morbid	больной
morbidities	заболеваемости
morbidity	заболеваемость
moreover	причём
morgue	морг
morgues	морги
moribund	умирающий
morn	утро
morning	утро
mornings	утра
morns	утра
moron	дебил
morons	дебилы
morphologies	морфологии
morphology	морфология
mortal	смертный
mortalities	смертности
mortality	смертность
mortally	смертельно
mortals	смертные
mortar	миномёт
mortars	миномёты
mortgage	ипотека
mortgages	ипотеки
mortuaries	морги
mortuary	морг
mosaic	мозаика
mosaics	мозаики
moscow	Москва
moslem	мусульманин
moslems	мусульмане
mosque	мечеть
mosques	мечети
mosquito	комар
mosquitoes	комары
moss	мох
mosses	мхи
moth	моль
mother	мать
mother-heroine	мать-героиня
mother-in-law	тёща
motherhood	материнство
motherhoods	материнства
motherland	отечество
motherlands	отечества
motherly	материнский
mothers	матери
moths	моли
motif	мотив
motifs	мотивы
motion	ход
motionless	неподвижно
motions	ходы
motivation	мотивация
motivations	мотивации
motive	моторный
motives	мотивы
motley	разноцветный
motor	двигатель
motor-cade	кортеж
motor-car	автомобильный
motor-cyclist	мотоциклист
motorist	автомобилист
motorists	автомобилисты
motors	двигатели
motorway	автомагистраль
motorways	автомагистрали
motto	девиз
mottoes	девизы
mould	плесень
moulds	плесени
mound	форма
mounds	формы
mountain	гора
mountain-climber	альпинист
mountain-dweller	горец
mountain-mass	массив
mountaineer	горец
mountaineers	горцы
mountainous	горный
mountains	горы
mounting	оформление
mournful	печальный
mourning	траур
mournings	трауры
mouse	мышь
moustache	ус
moustaches	усы
mouth	рот
mouths	рты
movable	передвижной
movement	движение
movements	движения
mover	двигатель
movers	двигатели
movie	фильм
movie-house	кинотеатр
movies	фильмы
muck	гадость
mucks	гадости
mucous	слизистый
mucus	слизь
mucuses	слизи
mud	грязи
muddle	кое-как
muddles	путаницы
muddy	грязный
muds	грязи
mufti	муфтий
muftis	муфтии
mug	рожа
muggy	парный
mugs	рожи
multi-purpose	универсальный
multiple	многократный
multiplication	умножение
multiplications	умножения
multiplier	множитель
multipliers	множители
multitude	толпа
multitudes	толпы
mummies	мамы
mummy	мама
mumps	свинка
mumpses	свинки
mundane	мирской
municipal	муниципальный
municipalities	муниципалитеты
municipality	муниципалитет
mural	роспись
murals	росписи
murder	убийство
murderer	убийца
murderers	убийцы
murderous	кровавый
murders	убийства
murmur	шум
murmurs	шумы
muscle	мышца
muscles	мышцы
muscular	мышечный
muse	муза
muses	музы
museum	музей
museums	музеи
mushroom	гриб
mushrooms	грибы
music	музыка
musical	музыкальный
musician	музыкант
musicians	музыканты
musics	музыки
musk-melon	дыня
muslim	мусульманин
muslims	мусульмане
mustard	горчица
muster	сбор
musters	сборы
mutation	мутация
mutations	мутации
mute	немой
mutilation	увечье
mutilations	увечья
mutinies	мятежи
mutiny	мятеж
mutual	общий
mutually	взаимно
muzzle	морда
muzzles	морды
mysteries	тайны
mysterious	таинственный
mystery	тайна
mystic	мистический
myth	миф
mythologies	мифологии
mythology	мифология
myths	мифы
nail	ноготь
nails	ногти
naive	наивный
naiveties	наивности
naivety	невинность
naked	голый
name-day	именины
nameless	безымянный
namely	именно
nannies	няни
nanny	няня
nanny-goat	коза
napkin	салфетка
napkins	салфетки
napoleon	наполеон
napoleons	наполеоны
nappies	подгузники
nappy	подгузник
narcissus	нарцисс
narcissuses	нарциссы
narcotic	наркотик
narcotics	наркотики
narration	повествование
narrations	повествования
narrative	повесть
narratives	повести
narrow	узкий
narrow-mindedness	ограниченность
narrowing	сужение
narrowings	сужения
narrowly	узко
nasal	носовой
nasty	гадкий
nation	нация
national	национальный
nationalism	национализм
nationalisms	национализмы
nationalist	националист
nationalistic	националистический
nationalists	националисты
nationalities	национальности
nationality	национальность
nationalization	национализация
nationalizations	национализации
nations	нации
native	отечественный
natives	уроженцы
nato	нато
natural	природный
naturally	естественно
naturals	отказы
nature	природа
natures	природы
naughty	гадкий
nausea	тошнота
nauseas	тошноты
nautical	морской
naval	военно-морской
navies	флоты
navigation	навигация
navigations	навигации
navigator	навигатор
navigators	навигаторы
navy	флот
navy-blue	тёмно-синий
nazi	нацист
nazis	нацисты
nazism	нацизм
nearby	вблизи
nearer	ближе
nearest	ближайший
nearly	чуть
neat	чистый
neatly	аккуратно
nebula	туманность
nebulae	туманности
necessarily	обязательно
necessary	надо
necessities	необходимости
necessity	необходимость
neck	шея
necklace	ожерелье
necklaces	ожерелья
necks	шеи
necktie	галстук
neckties	галстуки
nectar	нектар
nectars	нектары
nee	урождённая
needle	игла
needles	иглы
needless	ненужный
negation	отрицание
negations	отрицания
negative	негативный
negatively	отрицательно
negatives	негативы
negligence	халатность
negligences	халатности
negligible	незначительный
negotiations	переговоры
negotiator	посредник
negotiators	посредники
negro	негр
negros	негры
neighbour	сосед
neighbourhood	соседство
neighbourhoods	соседства
neighbours	соседи
nephew	племянник
nephews	племянники
nerd	ботаник
nerds	ботаники
nerve	нерв
nerves	нервы
nervous	нервный
nervously	нервно
nervousness	беспокойство
nervousnesses	волнения
nest	гнездо
nests	гнёзда
net	сеть
netherlands	нидерланды
netherlandses	Нидерланды
nets	сети
network	сеть
networks	сети
neural	нервный
neuro-surgery	нейрохирургия
neurologies	неврологии
neurology	неврология
neuron	нейрон
neurons	нейроны
neutral	нейтральный
neutralities	нейтралитеты
neutrality	нейтралитет
neutrino	нейтрино
neutron	нейтрон
neutrons	нейтроны
neva	Нева
nevertheless	всё
new	новый
newcomer	приезжий
newest	новейший
newly-weds	молодые
news	новость
news-flash	молния
newspaper	газета
newspapers	газеты
next	следующий
nice	мило
nicely	мило
niche	ниша
niches	ниши
nickel	никель
nickels	никели
niece	племянница
nieces	племянницы
night	ночь
night-watch	ночное
nightingale	соловей
nightingales	соловьи
nightly	ночной
nightmare	кошмар
nightmares	кошмары
nights	ночи
nil	ноль
nils	ноли
nine	девять
nines	девятки
nineteen	девятнадцать
ninety	девяносто
ninth	девятый
nitrogen	азот
nitrogens	азоты
nobel	нобелевский
noble	благородный
nobleman	князь
noblemen	князья
nobles	дворяне
nobleses	дворянства
nobodies	ничтожества
nobody	никто
node	колено
nodes	колени
noggin	башка
noggins	башки
noise	шум
noises	шумы
noisy	шумный
nomad	кочевник
nomads	кочевники
nomenclature	номенклатура
nomenclatures	номенклатуры
nominal	именной
nominally	формально
nomination	кандидатура
nominations	кандидатуры
non-agreement	несогласие
non-attendance	пропуск
non-corrosive	нержавеющий
non-execution	неисполнение
non-existence	небытие
non-fulfilment	невыполнение
non-observance	несоблюдение
non-performance	неисполнение
non-rusting	нержавеющий
non-standard	нестандартный
non-typical	нестандартный
nonchalant	безразличный
none	никакой
nonsense	чушь
nonsenses	вздоры
nonsensical	нелепый
noodles	лапша
noodleses	лапши
noon	полдень
noons	полдни
noose	петля
nooses	петли
norm	норматив
normal	нормальный
normalization	нормализация
normalizations	нормализации
normally	нормально
normative	нормативный
norms	нормативы
north	север
north-east	северо-восток
north-easter	норд-ост
north-easterly	северо-восточный
north-eastern	северо-восточный
north-west	северо-западный
north-westerly	северо-западный
north-western	северо-западный
northern	северный
norths	севера
northward	севернее
norway	норвегия
norwegian	норвежский
norwegians	норвежцы
nose	нос
noses	носы
nostalgia	ностальгия
nostalgias	ностальгии
nostril	ноздря
nostrils	ноздри
notable	знатный
notaries	нотариусы
notary	нотариус
notation	нотация
notations	нотации
notch	взвод
notches	взводы
note-book	блокнот
notebook	тетрадь
notebooks	тетради
nothing	ничего
noticeable	заметно
noticeably	заметно
notification	сигнал
notifications	сигналы
notion	идея
notions	идеи
notorious	известный
notwithstanding	вопреки
nought	нуль
noughts	нули
noun	существительное
nouns	существительные
nourishment	питание
nourishments	питания
novel	роман
novels	романы
novelties	новости
novelty	новость
november	ноябрь
novembers	ноябри
novice	новичок
novices	новички
nowadays	теперь
nowhere	никуда
nuance	нюанс
nuances	нюансы
nuclear	ядерный
nuclei	ядра
nucleus	ядро
nude	обнажённый
nuisance	неприятность
nuisances	неприятности
null	недействительный
number	число
numbers	числа
numeral	численный
numerical	количественный
numerous	многочисленный
nun	монахиня
nunneries	монастыри
nunnery	монастырь
nuns	монахини
nuptial	свадебный
nuptials	бракосочетание
nuptialses	бракосочетания
nurse	медсестра
nurse-maid	няня
nurseries	питомники
nursery	питомник
nurses	медсёстры
nut	орех
nut-tree	орех
nutcracker	щелкунчик
nutcrackers	щелкунчики
nutrition	питание
nutritions	питания
nutritious	питательный
nuts	орехи
oak	дуб
oaks	дубы
oases	оазисы
oasis	оазис
oath	присяга
oaths	присяги
oatmeal	овсянка
oatmeals	овсянки
ob	Обь
obedience	послушание
obediences	послушания
obelisk	обелиск
obelisks	обелиски
obesities	ожирения
obesity	ожирение
obituaries	некрологи
obituary	некролог
object	объект
object-glass	объектив
objection	возражение
objectionable	неприятный
objections	возражения
objective	цель
objectives	цели
objectivity	объективность
objects	объекты
oblast	область
oblasts	области
obligation	обязательство
obligations	обязательства
obligatory	обязательный
oblique	косой
obliquely	косо
oblivion	забвение
oblivions	забвения
obnoxious	неприятный
obscure	тёмный
obscurities	туманности
obscurity	темнота
observance	соблюдение
observances	соблюдения
observant	наблюдательный
observation	наблюдение
observational	наблюдательный
observations	наблюдения
observatories	обсерватории
observatory	обсерватория
observer	наблюдатель
observers	наблюдатели
obsession	страсть
obsessions	страсти
obstacle	препятствие
obstacles	препятствия
obstinate	упрямый
obstruction	завал
obstructions	завалы
obtuse	тупой
obvious	очевидный
obviously	очевидно
occasion	случай
occasionally	изредка
occasions	случаи
occidental	западный
occupation	занятие
occupations	занятия
occupier	оккупант
occupiers	оккупанты
occurrence	случай
occurrences	случаи
ocean	океан
oceans	океаны
oceanses	гибели
october	октябрь
octobers	октябри
octopus	осьминог
octopuses	осьминоги
odd	разрозненный
oddities	странности
oddity	странность
oddly	чудно
odds	фора
oddses	форы
ode	ода
odes	оды
odessa	Одесса
odor	привкус
odors	привкусы
odyssey	одиссея
odysseys	одиссеи
offal	отбросы
offence	обида
offences	обиды
offender	преступник
offenders	преступники
offensive	наступательный
offensively	обидно
offensives	наступления
offering	жертвоприношение
offerings	жертвоприношения
office	кабинет
office-cleaner	уборщица
officer	офицер
officers	офицеры
offices	кабинеты
official	официальный
officially	официально
officials	чиновники
offspring	потомок
offsprings	потомки
often	часто
ohm	ом
ohms	омы
oil	нефть
oils	нефти
oily	масляный
ointment	мазь
ointments	мази
old	старый
old-believer	старообрядец
old-fashioned	старинный
oldest	старейший
oligarch	олигарх
oligarchs	олигархи
olive-coloured	оливковый
olive-green	оливковый
olympiad	олимпиада
olympiads	олимпиады
olympic	олимпийский
olympus	олимп
omega	омега
omegas	омеги
omelette	омлет
omelettes	омлеты
omen	знак
omens	знаки
ominous	зловещий
omission	выпуск
omissions	выпуски
omnipotent	всемогущий
oncologies	онкологии
oncology	онкология
oncoming	встречный
one-eyed	кривой
one-man	одиночный
one-sided	односторонний
one-way	односторонний
onion	луковица
onions	луковицы
onset	наступление
onsets	наступления
onslaught	натиск
onslaughts	натиски
opening	отверстие
openings	отверстия
openly	прямо
openness	открытость
opera	опера
opera-house	опера
operas	оперы
operatic	оперный
operating-room	операционная
operation	операция
operational	оперативный
operations	операции
operative	оператор
operatives	операторы
operator	оператор
operators	операторы
opinion	мнение
opinionated	упрямый
opinions	мнения
opinionses	воззрения
opium	опиум
opponent	оппонент
opponents	оппоненты
opportune	удобный
opportunities	случаи
opportunity	случай
opposite	напротив
opposites	противоположности
opposition	оппозиция
oppositions	оппозиции
oppressor	насильник
oppressors	насильники
optic	зрительный
optical	оптический
optics	оптика
optimism	оптимизм
optimisms	оптимизмы
optimist	оптимист
optimistic	оптимистичный
optimists	оптимисты
optimization	оптимизация
optimizations	оптимизации
optimum	оптимальный
option	вариант
options	варианты
opulent	пышный
oracle	оракул
oracles	оракулы
oral	устный
orally	устно
orange	оранжевый
orange-tree	апельсин
oranges	апельсины
oration	речь
orations	речи
orator	оратор
orators	ораторы
orb	держава
orbit	орбита
orbital	орбитальный
orbits	орбиты
orbs	державы
orchestra	оркестр
orchestra-pit	оркестр
orchestras	оркестры
ordeal	испытание
ordeals	испытания
order	приказ
orderly	организованный
orders	приказы
ordinary	рядовой
ordnance	орудия
ore	руда
ores	руды
organ	орган
organic	органический
organism	организм
organisms	организмы
organization	организация
organizations	организации
organizer	организатор
organizers	организаторы
organs	органы
organses	аппараты
orgasm	оргазм
orgasms	оргазмы
orient	восток
oriental	восточный
orientation	ориентация
orientations	ориентатации
orifice	отверстие
orifices	отверстия
origin	происхождение
original	оригинальный
originally	изначально
originals	оригиналы
originator	создатель
originators	создатели
origins	происхождения
orion	Орион
ornament	орнамент
ornamental	декоративный
ornamentation	украшение
ornamentations	украшения
ornaments	орнаменты
orphan	сирота
orphanage	приют
orphanages	приюты
orphans	сироты
orthodox	православный
orthodoxy	православие
orthographies	орфографии
orthography	орфография
oscillation	колебание
oscillations	колебания
ostensible	наружный
others	другие
otherwise	иначе
ounce	барс
ounces	барсы
out-of-the-way	глубинный
out-of-town	загородный
outbreak	вспышка
outbreaks	вспышки
outbuildings	службы
outbuildingses	службы
outburst	взрыв
outbursts	взрывы
outcome	результат
outcomes	результаты
outdated	отсталый
outer	внешний
outfit	наряд
outfits	наряды
outflow	истечение
outflows	истечения
outhouse	флигель
outhouses	флигеля
outing	поездка
outings	поездки
outlay	расход
outlays	расходы
outline	очертание
outlines	очертания
outlook	перспектива
outlooks	перспективы
outpost	застава
outposts	заставы
output	продукция
outputs	продукции
outrageous	дикий
outright	наповал
outset	заря
outsets	зори
outside	снаружи
outsider	посторонний
outskirts	окраина
outskirtses	окраины
outspoken	откровенный
outstanding	крупный
outward	внешний
outwardly	внешне
oval	овальный
ovaries	яичники
ovary	яичник
oven	духовка
ovens	духовки
overall	всесторонний
overalls	роба
overallses	робы
overcast	хмурый
overflow	разлив
overflows	разливы
overhead	вверху
overlap	перекрытие
overlaps	перекрытия
overload	перегрузка
overloads	перегрузки
overseer	надзиратель
overseers	надзиратели
overt	открытый
overthrow	свержение
overthrows	свержения
overweight	поход
overweights	походы
overwork	перегрузка
overworks	перегрузки
owl	сова
owls	совы
owner	владелец
owners	владельцы
ownership	владение
ownerships	владения
ox	вол
oxes	волы
oxidation	окисление
oxidations	окисления
oxygen	кислород
oxygens	кислороды
oyster	устрица
oysters	устрицы
pace	шаг
paces	шаги
pacific	тихоокеанский
pack-ice	пак
package	тара
packages	тары
packet	пачка
packets	пачки
packing	упаковка
packings	упаковки
pact	договор
pacts	договоры
pad	лапа
paddies	рисы
paddle	лопасть
paddles	лопасти
paddy	рис
pads	лапы
pagan	язычник
pagans	язычники
page	страница
pageant	зрелище
pageants	зрелища
pages	страницы
pail	ведро
pails	вёдра
pain	боль
painful	больно
painfully	болезненно
pains	боли
painstaking	исполнительный
paint	краска
painter	художник
painters	художники
painting	живопись
paintings	росписи
paints	краски
pair-horse	парный
pajamas	пижама
pajamases	пижамы
pal	дружок
palace	дворец
palaces	дворцы
palatable	вкусно
pale	бледный
palette	палитра
palettes	палитры
pall	покров
palladium	палладий
palls	покровы
palm	ладонь
palmer	паломник
palmers	паломники
palms	ладони
pals	дружки
palsies	параличи
palsy	паралич
paltry	ничтожный
pamphlet	брошюра
pamphlets	брошюры
pan	пан
panama	Панама
pancake	блин
pancakes	блины
pane	стекло
panel	панно
panels	панели
panes	стёкла
pang	боль
pangs	боли
panorama	панорама
panoramas	панорамы
pans	паны
panther	пантера
panthers	пантеры
panty-hose	колготки
paper	бумага
paper-bag	пакет
paper-maker	бумажник
papers	бумаги
parable	притча
parables	притчи
parachute	парашют
parachutes	парашюты
parade	парад
parades	парады
paradigm	парадигма
paradigms	парадигмы
paradise	рай
paradises	раи
paradox	парадокс
paradoxes	парадоксы
paragraph	заметка
paragraphs	заметки
parallax	смещение
parallaxes	смещения
parallel	параллельно
parallels	параллели
paralyses	параличи
paralysis	паралич
parameter	параметр
parameters	параметры
paramount	важнейший
paranoia	паранойя
paranoias	паранойи
parasite	паразит
parasites	паразиты
parasol	зонтик
parasols	зонтики
paratrooper	десантник
paratroopers	десантники
parcel	участок
parcels	участки
pardon	извинение
pardons	извинения
parent	родитель
parentage	происхождение
parentages	происхождения
parental	родительский
parents	родители
parentses	родители
paris	Париж
parish	приход
parishes	приходы
parisian	парижский
park	парк
parks	парки
parley	переговоры
parliament	парламент
parliamentarian	парламентарий
parliamentarians	парламентарии
parliamentary	парламентский
parliaments	парламенты
parlour	гостиная
parodies	пародии
parody	пародия
parole	пароль
paroles	пароли
parrot	попугай
parrots	попугаи
parsley	петрушка
parsleys	петрушки
parson	батюшка
parsons	батюшки
part	часть
partial	частичный
partially	частично
participant	участник
participants	участники
participation	участие
participations	участия
participle	причастие
participles	причастия
particle	частица
particles	частицы
particular	особый
particularly	особенно
parties	группы
parting	расставание
partings	расставания
partisan	партизан
partisans	партизаны
partition	перегородка
partitions	перегородки
partly	отчасти
partner	партнёр
partners	партнёры
parts	части
party	группа
pas	па
pasha	паша
pashas	паши
passable	туда-сюда
passage	переход
passages	переходы
passageway	проход
passageways	проходы
passenger	пассажир
passengers	пассажиры
passer-by	проезжий
passing	прохождение
passings	прохождения
passion	страсть
passionate	страстный
passionately	страстно
passions	страсти
passive	пассивный
passover	пасха
passovers	пасхи
passport	паспорт
passports	паспорта
password	пароль
passwords	пароли
past	мимо
pasta	макароны
paste	паста
pastes	пасты
pasties	пирожки
pastime	забава
pastimes	забавы
pastor	пастырь
pastors	пастыри
pastries	пирожные
pastry	пирожное
pasts	прошлые
pasture	пастбище
pastures	пастбища
pasty	пирожок
patch	наклейка
patches	наклейки
patent	патент
patently	явно
patents	патенты
paternal	родительский
path	путь
pathetic	трогательный
pathetically	трогательно
pathfinder	следопыт
pathfinders	следопыты
pathologies	патологии
pathology	патология
pathos	пафос
paths	пути
patience	терпение
patiences	терпения
patient	пациент
patiently	терпеливо
patients	пациенты
patio	дворик
patios	дворики
patriarch	патриарх
patriarchies	патриархаты
patriarchs	патриархи
patriarchy	патриархат
patrician	патриций
patricians	патриции
patrimonies	поместья
patrimony	поместье
patriot	патриот
patriotic	патриотический
patriotism	патриотизм
patriotisms	патриотизмы
patriots	патриоты
patrol	патруль
patrols	патрули
patron	патрон
patronage	покровительство
patrons	патроны
pattern	модель
patterns	модели
patties	пирожки
patty	пирожок
pauper	нищий
paupers	нищие
pause	пауза
pauses	паузы
pavement	панель
pavements	панели
pavilion	павильон
pavilions	павильоны
paw	лапа
paws	лапы
payment	оплата
payments	оплаты
pea	горох
peace	мир
peaceful	мирный
peacefully	мирно
peacemaker	миротворец
peacemakers	миротворцы
peaces	миры
peach	персик
peaches	персики
peacock	павлин
peacocks	павлины
peak	вершина
peaks	вершины
peanut	арахис
pear	груша
pear-tree	груша
pearl	жемчужина
pearls	жемчужины
pears	груши
peas	горох
peasant	крестьянин
peasantries	крестьянства
peasantry	крестьянство
peasants	крестьяне
peasantses	крестьянства
peat	торф
pebble	камешек
pebbles	камешки
pectoral	грудной
peculiar	особый
pedagogies	педагогики
pedagogy	педагогика
pedal	педаль
pedals	педали
pedestal	пьедестал
pedestals	пьедесталы
pedestrian	пешеход
pedestrians	пешеходы
pediatrician	педиатр
pediatricians	педиатры
pediatrics	педиатрия
pediatricses	педиатрии
pedigree	родословная
peep	писк
peep-hole	глазок
peeps	писки
peer	сверстник
peers	сверстники
peg	гвоздь
pegasus	пегас
pegasuses	пегасы
pegs	гвозди
pellet	ударник
pellets	ударники
pelvis	таз
pelvises	тазы
pen	ручка
pen-name	псевдоним
penal	штрафной
penalties	кары
penalty	кара
penance	покаяние
pencil	карандаш
pencils	карандаши
pendulum	маятник
pendulums	маятники
penetration	проникновение
penetrations	проникновения
penguin	пингвин
penguins	пингвины
peninsula	полуостров
peninsulas	полуострова
penis	член
penises	члены
pennant	вымпел
pennants	вымпелы
pennies	гроши
penny	пенни
pens	ручки
pension	пенсия
pensioner	пенсионер
pensioners	пенсионеры
pensions	пенсии
penultimate	предпоследний
people	люди
peoples	народы
pepper	перец
peppers	перцы
percentage	процент
percentages	проценты
perceptible	чувствительный
perception	восприятие
perceptions	восприятия
percussion	ударный
percussive	ударный
perennial	многолетний
perfection	совершенствование
perfections	совершенствования
perfectly	абсолютно
performance	выступление
performances	выступления
performer	исполнитель
performers	исполнители
perfume	духи
perfumes	духи
perhaps	возможно
peril	опасность
perilous	опасный
perils	опасности
perimeter	периметр
perimeters	периметры
period	период
periodic	периодический
periodical	журнал
periodically	периодически
periodicals	журналы
periodicalses	журналистики
periodicities	периодичности
periodicity	периодичность
periods	периоды
peripheries	периферии
periphery	периферия
permanent	постоянный
permeabilities	проходимости
permeability	проходимость
permissible	допустимый
permission	разрешение
permissions	разрешения
permutation	перестановка
permutations	перестановки
perpetual	вечный
persecution	гонение
persecutions	гонения
perseverance	терпение
perseverances	терпения
persian	персидский
persians	персы
persistence	упорство
persistences	настойчивости
persistent	упорный
persistently	упорно
person	человек
personal	личный
personalities	личности
personality	личность
personally	лично
personification	олицетворение
personifications	олицетворения
personnel	кадры
personnels	персоналы
perspective	перспектива
perspectives	перспективы
perspiration	пот
perspirations	поты
persuasion	толк
persuasions	толки
persuasive	веский
pertinent	актуальный
perturbation	возмущение
perturbations	возмущения
perversion	извращение
perversions	извращения
pervert	извращенец
perverts	извращенцы
pessimism	пессимизм
pessimisms	пессимизмы
pest	вредитель
pesticides	пестициды
pesticideses	пестициды
pestilence	мор
pestilences	моры
pests	вредители
pet	любимец
petal	лепесток
petals	лепестки
peter	Питер
petition	петиция
petitioner	истец
petitioners	истцы
petitions	петиции
petrol	бензин
petroleum	нефть
petroleums	нефти
pets	любимцы
petty	мелкий
phantom	фантом
phantoms	фантомы
pharaoh	фараон
pharaohs	фараоны
pharmacies	аптеки
pharmacy	аптека
phase	фаза
phases	фазы
phenomena	явления
phenomenon	явление
philanthropic	благотворительный
philanthropist	меценат
philanthropists	меценаты
philanthropy	благотворительность
philistine	обыватель
philistines	обыватели
philologies	словесности
philology	филология
philosopher	философ
philosophers	философы
philosophical	философский
philosophically	философски
philosophies	философии
philosophy	философия
phoenix	феникс
phoenixes	фениксы
phone	телефон
phones	телефоны
phosphorus	фосфор
phosphoruses	фосфоры
photo	фото
photographer	фотограф
photographies	фотографии
photography	фотография
photon	фотон
photons	фотоны
photos	снимки
phrase	фраза
phrases	фразы
physical	физический
physician	врач
physician-in-ordinary	лейб-медик
physicians	врачи
physicist	физик
physicists	физики
physics	физика
physicses	физики
physiologies	физиологии
physiology	физиология
pianist	пианист
pianists	пианисты
piano	фортепиано
pick-up	датчик
pickaxe	кирка
pickaxes	кирки
picket	пикет
pickets	пикеты
pickup	пикап
pickups	пикапы
picnic	пикник
picnics	пикники
pictorial	живописный
picture	картина
picture-card	фигура
pictures	картины
picturesque	живописный
pie	пирог
piece	кусок
pieces	куски
pier	пирс
piers	пирсы
pies	пироги
pig	свинья
pig-headed	упрямый
pigeon	голубь
pigeon-hole	отделение
pigeons	голуби
piglet	поросёнок
piglets	поросята
pigs	свиньи
pike	щука
pike-perch	судак
pikes	щуки
pile	кипа
piles	кипы
pilgrim	паломник
pilgrimage	паломничество
pilgrimages	паломничества
pilgrims	паломники
pill	таблетка
pill-box	дос
pillar	столб
pillars	столбы
pillow	подушка
pillows	подушки
pills	таблетки
pilot	пилот
pilots	пилоты
pin	палец
pin-hole	прокол
pine	сосна
pines	сосны
pinewood	сосновый
pinion	крыло
pinions	крылья
pink	розовый
pins	пальцы
pioneer	пионер
pioneers	пионеры
pious	праведный
pip	очко
pipe	труба
pipe-bend	отвод
pipe-line	нефтепровод
pipeline	трубопровод
pipelines	трубопроводы
pipes	трубы
pips	очки
pique	пике
pirate	пират
pirates	пираты
pisces	Рыбы
pistol	пистолет
pistols	пистолеты
piston	поршень
pistons	поршни
pit	рудник
pitch-dark	темным-темно
pitcher	кувшин
pitchers	кувшины
pities	сожаления
pitiful	жалкий
pits	рудники
pity	сожаление
pivot	стержень
pivots	стержни
pizza	пицца
pizzas	пиццы
placard	плакат
placards	плакаты
place	место
placement	трудоустройство
placements	трудоустройства
places	места
placid	спокойный
plagiarism	плагиат
plagiarisms	плагиаты
plain	равнина
plainly	толком
plains	равнины
plaintiff	истец
plaintiffs	истцы
plan	план
plane	самолёт
plane-table	планшет
planes	самолёты
planet	планета
planets	планеты
plank	доска
planks	доски
planning	планирование
plannings	планирования
plans	планы
plant	растение
plant-growing	растениеводство
plantation	насаждение
plantations	насаждения
plants	растения
plaster	пластырь
plasters	пластыри
plastic	пластический
plastics	пластики
plate	плита
plate-holder	кассета
plateau	плато
plates	плиты
platform	платформа
platforms	платформы
platinum	платина
platinums	платины
platoon	взвод
platoons	взводы
play-house	театр
play-pen	манеж
player	игрок
players	игроки
plaything	игрушка
playthings	игрушки
playwright	драматург
playwrights	драматурги
pleasant	приятно
pleasantly	приятно
pleasure	удовольствие
pleasures	удовольствия
pledge	залог
pledges	залоги
plenary	пленарный
plenipotentiaries	полпреды
plenipotentiary	полномочный
plenties	благодати
plentiful	обильный
plenty	благодать
plenum	пленум
plenums	пленумы
pliable	гибкий
plot	заговор
plots	заговоры
plug	пробка
plugs	пробки
plumb	лот
plumbs	лоты
plume	перо
plumes	перья
plummet	лот
plummets	лоты
plump	жирный
plunder	добыча
plunders	добычи
plunger	ударник
plungers	ударники
plural	множественный
pluralism	совместительство
pluralisms	совместительства
plus	плюс
plus-fours	брюки
pluses	плюсы
plywood	фанера
plywoods	фанеры
pneumonia	пневмония
pneumoniae	пневмонии
pocket	карман
pocket-book	бумажник
pockets	карманы
poem	стихотворение
poems	стихотворения
poet	поэт
poetic	поэтический
poetics	поэтика
poeticses	поэтики
poetries	стихи
poetry	стихи
poets	поэты
poignant	мучительный
point	пункт
point-blank	наотрез
pointer	указатель
pointers	указатели
pointless	нецелесообразный
points	пункты
poison	яд
poisoning	отравление
poisonings	отравления
poisonous	ядовитый
poisons	яды
poker	покер
pokers	покеры
poland	Польша
polar	полярный
polarization	поляризация
polarizations	поляризации
pole	поляк
polemic	полемика
polemics	полемики
poles	поляки
police	полиция
police-officer	пристав
police-station	участок
policeman	милиционер
policemen	милиционеры
polices	полиции
policies	курсы
policy	курс
polish	польский
polite	вежливый
politely	вежливо
politeness	вежливость
political	политический
politician	политик
politicians	политики
politics	политика
politicses	политики
poll	голосование
pollen	пыльца
pollens	*пыльцы
pollies	попки
polls	голосования
pollution	загрязнение
pollutions	загрязнения
polly	попка
polo	поло
polyethylene	полиэтилен
polyethylenes	полиэтилены
polymeric	полимерный
polytechnic	политехнический
pompous	важный
pond	пруд
ponds	пруды
pony	пони
pool	бассейн
pools	бассейны
poor	бедный
poorly	неважно
pope	папа
popes	папы
poplar	тополь
poplars	тополя
poppies	маки
poppy	мак
poppy-seed	мак
popular	народный
popularity	популярность
population	население
populations	населения
porcelain	фарфор
porcelain-figure	фигурка
porcelains	фарфоры
porch	подъезд
porches	подъезды
pore	пора
pores	поры
pornographies	порнографии
pornography	порнография
porridge	каша
porridges	каши
port	порт
portable	переносный
portal	портал
portals	порталы
portfolio	портфель
portfolios	портфели
portico	портер
portion	порция
portions	порции
portrait	портрет
portraits	портреты
portrayal	изображение
portrayals	изображения
ports	порты
portugal	Португалия
portuguese	португальский
portugueses	португальцы
pose	поза
poses	позы
position	положение
positions	положения
positive	положительный
positively	положительно
positives	позитивы
possession	обладание
possessions	достояние
possessionses	достояния
possessor	обладатель
possessors	обладатели
possibilities	возможности
possibility	возможность
possible	возможно
possibly	возможно
post	пост
post-mortem	вскрытие
post-office	почта
post-war	послевоенный
postal	почтовый
postcard	открытка
postcards	открытки
poster	плакат
posterior	последующий
posterities	потомства
posterity	потомство
posters	плакаты
posthumously	посмертно
postman	почтальон
postmen	почтальоны
postponement	отсрочка
postponements	отсрочки
posts	посты
posture	положение
postures	положения
pot	горшок
potassium	калий
potassiums	калии
potatoes	картофель
potatoeses	картошки
potent	сильный
potential	потенциал
potentials	потенциалы
potion	зелье
potions	зелья
pots	горшки
potter	гончар
potters	гончары
pouch	сумка
pouches	сумки
poultry	птичий
pound	фунт
pounds	фунты
poverty	бедность
powder	порошок
powders	порошки
power	власть
power-driver	механический
powerful	мощный
powerless	бессильный
powers	власти
practicable	реальный
practical	практический
practically	фактически
practice	практика
practices	практики
praise	похвала
praises	похвалы
pram	коляска
prams	коляски
prank	шутка
pranks	шутки
prankster	шутник
pranksters	шутники
prayer	молитва
prayers	молитвы
pre-revolutionary	дореволюционный
pre-school	дошкольный
preacher	проповедник
preachers	проповедники
preamble	вступление
preambles	вступления
precaution	предосторожность
precautions	предосторожности
precedent	прецедент
precedents	прецеденты
precept	завет
precepts	заветы
precinct	черта
precincts	черты
precious	драгоценный
precipice	обрыв
precipices	обрывы
precipitation	осадки
precipitations	осадки
precise	собранный
precisely	аккурат
precision	точность
precisions	точности
precondition	предпосылка
preconditions	предпосылки
precursor	предшественник
precursors	предшественники
predator	хищник
predators	хищники
predatory	хищный
predecessor	предшественник
predecessors	предшественники
predestination	предназначение
predestinations	предназначения
prediction	прогнозирование
predictions	прогнозирования
predilection	предпочтение
predilections	предпочтения
predominance	преобладание
predominances	преобладания
preface	предисловие
prefaces	предисловия
prefect	префект
prefects	префекты
prefecture	префектура
prefectures	префектуры
preference	предпочтение
preferences	предпочтения
prefix	приставка
prefixes	приставки
pregnancies	беременности
pregnancy	беременность
pregnant	беременный
prejudice	предрассудок
prejudices	предрассудки
preliminary	предварительный
prelude	прелюдия
preludes	прелюдии
premature	преждевременный
prematurely	преждевременно
premier	премьер-министр
premiere	премьера
premieres	премьеры
premiers	премьер-министры
premise	предпосылка
premises	предпосылки
premium	премия
premiums	премии
premonition	предчувствие
premonitions	предчувствия
preoccupation	озабоченность
preparation	подготовка
preparations	подготовки
preparationses	сборы
preparatory	подготовительный
preparedness	готовность
preparednesses	готовности
preponderance	перевес
preponderances	перевесы
preposition	предлог
prepositions	предлоги
preposterous	дикий
prerequisite	предпосылка
prerequisites	предпосылки
prescription	назначение
prescriptions	назначения
presence	наличие
presences	наличия
present	настоящее
present-day	нынешний
presentation	представление
presentations	представления
presents	подарки
preservation	сохранение
preservations	сохранения
presidencies	президентства
presidency	президентство
president	президент
presidential	президентский
presidents	президенты
press-button	кнопка
press-centre	пресс-центр
press-clipping	вырезка
press-cutting	вырезка
press-mark	шифр
pressure	давление
pressures	давления
prestige	престиж
prestiges	престижи
prestigious	престижный
presumably	предположительно
pretender	претендент
pretenders	претенденты
preterm	досрочный
pretext	предлог
pretexts	предлоги
pretty	довольно
prevalence	заболеваемость
prevalences	заболеваемости
prevention	предотвращение
preventions	предотвращения
previous	предыдущий
prey	добыча
preys	добычи
price	цена
price-list	ценник
priceless	бесценный
prices	цены
prick	укол
prickly	колючий
pricks	уколы
pride	гордость
prides	гордости
priest	священник
priesthood	духовенство
priesthoods	духовенства
priests	священники
primary	первоначальный
primer	учебник
primers	учебники
primitive	примитивный
primordial	изначальный
prince	принц
princes	принцы
princess	принцесса
princesses	принцессы
principal	главный
principalities	княжества
principality	княжество
principals	директора
principle	принцип
principles	принципы
principleses	начала
printing-house	типография
printing-works	типография
prior	настоятель
priorities	приоритеты
priority	приоритет
priors	настоятели
prism	призма
prisms	призмы
prison	тюрьма
prisoner	узник
prisoners	узники
prisons	тюрьмы
private	частный
privately	наедине
privates	солдаты
privatisation	приватизация
privilege	льгота
privileges	льготы
privy	причастный
prize	приз
prize-winner	призёр
prizes	призы
pro	профи
pro-rector	проректор
probabilities	вероятности
probability	вероятность
probable	вероятный
probably	наверное
probate	утверждение
probates	утверждения
probe	зонд
probes	зонды
problem	проблема
problems	проблемы
procedure	процедура
procedures	процедуры
proceedings	протокол
proceedingses	протоколы
process	процесс
processes	процессы
processing	переработка
processings	переработки
procession	шествие
processions	шествия
proclamation	провозглашение
proclamations	провозглашения
procrastination	промедление
procrastinations	промедления
procurator	прокурор
procurators	прокуроры
procurement	заготовка
procurements	заготовки
prodigal	мот
prodigals	моты
producer	режиссёр
producers	режиссёры
producerses	режиссуры
product	продукт
production	производство
productions	производства
productively	продуктивно
productivities	продуктивности
productivity	урожайность
products	продукты
profession	профессия
professional	профессиональный
professionals	профессионалы
professions	профессии
professor	профессор
professors	профессора
proficiencies	искусства
proficiency	искусство
profile	профиль
profiles	профили
profit	прибыль
profitability	рентабельность
profitable	выгодно
profits	прибыли
profound	глубокий
profoundly	глубоко
profusion	изобилие
profusions	изобилия
progenies	потомки
progeny	потомок
program	программа
programmer	программист
programmers	программисты
programs	программы
progress	прогресс
progress-minded	прогрессивный
progresses	прогрессы
progression	прогрессия
progressions	прогрессии
progressive	прогрессивный
prohibition	запрет
prohibitions	запреты
project	проект
projectile	снаряд
projectiles	снаряды
projection	проекция
projections	проекции
projector	проектор
projectors	проекторы
projects	проекты
proletarian	пролетарский
proletariat	пролетариат
proletariats	пролетариаты
prologue	пролог
prologues	прологи
prom	выпускной
prominence	выступ
prominences	выступы
prominent	крупный
promontories	мысы
promontory	мыс
promotion	производство
promotions	производства
promptly	живо
pronoun	местоимение
pronouns	местоимения
pronunciation	произношение
pronunciations	произношения
proof	доказательство
proof-reader	корректор
proofs	доказательства
prop	стойка
propaganda	пропаганда
propagandas	пропаганды
propagandist	пропагандист
propagandists	пропагандисты
propagation	размножение
propagations	размножения
propensities	расположения
propensity	расположение
proper	соответствующий
properly	путём
properties	собственности
propertieses	реквизиты
property	собственность
prophecies	предсказания
prophecy	предсказание
prophet	пророк
prophets	пророки
prophylaxis	профилактика
proportion	пропорция
proportional	пропорциональный
proportionate	пропорциональный
proportions	пропорции
proprieties	приличия
proprietor	хозяин
proprietors	хозяева
propriety	приличие
props	стойки
prose	проза
prosecution	обвинение
prosecutions	обвинения
prosecutor	обвинитель
prosecutors	обвинители
proses	прозы
prospect	перспектива
prospective	перспективный
prospector	разведчик
prospectors	разведчики
prospects	перспективы
prospectus	проспект
prospectuses	проспекты
prosperities	процветания
prosperity	благополучие
prosperous	достаточный
prostate	простата
prostates	простаты
prostitute	проститутка
prostitutes	проститутки
prostitution	проституция
prostitutions	проституции
protection	защита
protections	защиты
protective	защитный
protector	защитник
protectors	защитники
protege	протеже
protein	белок
proteins	белки
protest	протест
protestant	протестант
protestants	протестанты
protests	протесты
protocol	протокол
protocols	протоколы
proton	протон
protons	протоны
prototype	прототип
prototypes	прототипы
proud	гордый
proudly	гордо
provenance	происхождение
provenances	происхождения
proverb	пословица
proverbs	пословицы
provider	провайдер
providers	провайдеры
province	область
provinces	области
provinceses	провинции
provincial	областной
provision	обеспечение
provisional	временный
provisionally	временно
provisions	обеспечения
provocation	провокация
provocations	провокации
provocative	вызывающий
prowess	доблесть
prowesses	доблести
proxies	полномочия
proximity	близость
proxy	полномочие
prudence	осторожность
prudent	осторожный
prussian	прусский
pseudo-scientific	лженаучный
pseudonym	псевдоним
pseudonyms	псевдонимы
psyche	психика
psyches	психики
psychiatric	психиатрический
psychiatries	психиатрии
psychiatrist	психиатр
psychiatrists	психиатры
psychiatry	психиатрия
psychologies	психики
psychologist	психолог
psychologists	психологи
psychology	психология
psychoses	психозы
psychosis	психоз
psychotherapies	психотерапии
psychotherapist	психотерапевт
psychotherapists	психотерапевты
psychotherapy	психотерапия
public	общественный
publication	издание
publications	издания
publicist	публицист
publicists	публицисты
publicities	рекламы
publicity	реклама
publicly	публично
publics	публики
publisher	издатель
publishers	издатели
puck	шайба
pucks	шайбы
pudding	пудинг
puddings	пудинги
puddle	лужа
puddles	лужи
puff	клуб
puffs	клубы
pulley	блок
pulleys	блоки
pulp	мякоть
pulpit	кафедра
pulpits	кафедры
pulps	мякоти
pulse	пульс
pulses	пульсы
pump	насос
pumpkin	тыква
pumpkins	тыквы
pumps	насосы
punch	удар
punches	удары
punctual	точный
punctualities	точности
punctuality	точность
puncture	прокол
punctures	проколы
punishment	наказание
punishments	наказания
punitive	карательный
punt-pole	шест
pupa	куколка
pupae	куколки
pupil	ученик
pupils	ученики
puppet	марионетка
puppets	марионетки
puppies	щенки
puppy	щенок
pura	материи
purchaser	покупатель
purchasers	покупатели
pure	чистый
puree	пюре
purely	чисто
purgatories	чистилища
purgatory	чистилище
purge	чистка
purges	чистки
purification	очистка
purifications	очистки
purity	чистота
purpose	цель
purposes	цели
purse	сумочка
purses	сумочки
pursuers	погоня
pursuerses	погони
pursuit	преследование
pursuits	погони
pus	материя
pushkin	пушкинский
pussies	киски
pussy	киска
putin	Путин
putrid	гнилой
puzzle	головоломка
puzzles	головоломки
pygmies	карлики
pygmy	карлик
pyjamas	пижама
pyjamases	пижамы
pyramid	пирамида
pyramids	пирамиды
quack	коновал
quacks	коновалы
qualification	квалификация
qualifications	квалификации
qualitative	качественный
qualities	качества
qualitieses	данные
quality	качество
quanta	кванты
quantitative	количественный
quantities	количества
quantity	количество
quantum	квант
quarantine	карантин
quarantines	карантины
quarter	четверть
quarter-deck	ют
quarter-master	рулевой
quarters	четверти
quartet	квартет
quartets	квартеты
quartz	кварц
quartzes	кварцы
quay	набережная
quays	набережные
queen	королева
queens	королевы
queer	странный
question	вопрос
questionable	спорный
questionnaire	анкета
questionnaires	анкеты
questions	вопросы
queue	очередь
queues	очереди
quick	скорый
quickly	скоро
quicksilver	ртуть
quicksilvers	ртути
quiet	спокойный
quietly	спокойно
quiets	успокоения
quill	игла
quills	иглы
quilt	одеяло
quilts	одеяла
quite	довольно
quiz	викторина
quizzes	викторины
quota	доля
quotas	доли
quotation	цитата
quotations	цитаты
quotient	частное
rabbi	раввин
rabbis	раввины
rabbit	кролик
rabbits	кролики
rabid	бешеный
rabies	бешенство
rabieses	бешенства
race	раса
race-cup	кубок
race-meeting	скачки
racer	гонщик
racers	гонщики
races	расы
racial	расовый
racism	расизм
rack	сетка
racket	ракетка
rackets	ракетки
racks	сетки
radar	радар
radars	радары
radial	лучевой
radiance	сияние
radiances	сияния
radiation	излучение
radiations	излучения
radiator	батарея
radiators	батареи
radical	радикал
radicals	радикалы
radii	радиусы
radio	радио
radioactive	радиоактивный
radios	приёмники
radius	радиус
raft	плот
rafter	гонщик
rafters	гонщики
rafts	плоты
rag	тряпка
rags	тряпки
rail	рельс
railroad	железнодорожный
rails	рельсы
railway	железнодорожный
rain	дождь
rainbow	радуга
rainbows	радуги
raincoat	плащ
raincoats	плащи
rainfall	осадки
rainfalls	осадки
rains	дожди
raisins	изюм
raisinses	изюмы
rajah	раджа
rake	грабли
rakes	грабли
rallies	митинги
rally	ралли
ram	баран
rampart	вал
ramparts	валы
rams	бараны
random	случайный
range	диапазон
ranger	странник
rangers	странники
ranges	диапазоны
rank	звание
ranks	звания
rape	изнасилование
rapes	изнасилования
rapid	быстрый
rapidly	быстро
rapids	порог
rapidses	пороги
rapist	насильник
rapists	насильники
rapprochement	сближение
rapprochements	сближения
rapture	восхищение
raptures	восхищения
rare	редкий
rarely	редко
rarities	редкости
rarity	редкость
rascal	подлец
rascals	подлецы
raspberries	малина
raspberrieses	малины
raspberry	малина
raspberry-cane	малина
rat	крыса
rate	ставка
rates	ставки
rather	скорее
ratification	ратификация
ratifications	ратификации
rating	рейтинг
ratio	соотношение
ration	рацион
rational	рациональный
rationalization	обоснование
rationalizations	обоснования
rationally	рационально
rations	рационы
ratios	соотношения
rats	крысы
rattle	грохот
rattles	грохоты
ravage	разорение
ravages	разорения
raven	ворон
ravens	вороны
ravine	овраг
ravines	овраги
raw	сырой
ray	луч
rays	лучи
razor	бритва
razors	бритвы
re-creation	воссоздание
re-equipment	перевооружение
re-tuning	перестройка
reaction	реакция
reactions	реакции
reactive	реактивный
reactor	реактор
reactors	реакторы
reader	читатель
readers	читатели
readily	охотно
readiness	готовность
readinesses	готовности
reading	чтение
readings	чтения
ready	готовый
ready-made	готовый
reagent	реагент
reagents	реагенты
real	настоящий
realism	реализм
realist	реалист
realists	реалисты
realities	реальности
reality	реальность
realization	реализация
realizations	реализации
reallies	права
really	действительно
realm	сфера
realms	сферы
reals	реалы
realties	недвижимости
realty	недвижимость
reaping-hook	серп
rear-admiral	контр-адмирал
rearrangement	перестановка
rearrangements	перестановки
reason	причина
reasonable	разумный
reasonably	разумно
reasons	причины
reassurance	утешение
reassurances	утешения
rebel	повстанец
rebellion	бунт
rebellions	бунты
rebels	повстанцы
rebirth	возрождение
receipt	получение
receipts	получения
receiver	приёмник
receivers	приёмники
recent	последний
recently	недавно
receptacle	сборник
receptacles	сборники
reception	приём
reception-room	приёмная
receptions	приёмы
recess	перемена
recesses	перемены
recherche	изысканный
recipe	рецепт
recipes	рецепты
recipient	получатель
recipients	получатели
reciprocal	ответный
reciprocities	взаимодействия
reciprocity	взаимодействие
recital	концерт
recitals	концерты
reckless	безумный
recluse	отшельник
recluses	отшельники
recognition	распознавание
recognitions	распознавания
recollection	воспоминание
recollections	воспоминания
recommendation	рекомендация
recommendations	рекомендации
recompense	награда
recompenses	награды
reconciliation	примирение
reconciliations	примирения
reconnaissance	поиск
reconnaissances	поиски
reconsideration	пересмотр
reconsiderations	пересмотры
reconstruction	реконструкция
reconstructions	реконструкции
record	запись
record-breaker	рекордсмен
record-breaking	рекордный
record-holder	рекордсмен
record-keeping	делопроизводство
record-player	проигрыватель
records	записи
recoveries	поправки
recovery	поправка
recruit	новобранец
recruitment	набор
recruitments	наборы
recruits	новобранцы
rectangular	прямоугольный
rectification	очистка
rectifications	очистки
rector	ректор
rectors	ректоры
recurrence	возвращение
recurrences	возвращения
recurrent	очередной
red	красный
red-haired	рыжий
reddish-brown	красно-бурый
redemption	выкуп
redemptions	выкупы
redistribution	перераспределение
redistributions	перераспределения
reds	красные
reduction	восстановление
reductions	восстановления
redundancies	избытки
redundancy	избыток
redundant	избыточный
reed	тростник
reeds	тростники
reef	риф
reefs	рифы
reel	катушка
reels	катушки
reference	характеристика
reference-point	ориентир
references	характеристики
referendum	референдум
referendums	референдумы
refinement	очистка
refinements	очистки
reflection	отражение
reflections	отражения
reflex	рефлекс
reflexes	рефлексы
reform	реформа
reformer	реформатор
reformers	реформаторы
reforms	реформы
refraction	преломление
refractions	преломления
refractory	упрямый
refrain	припев
refrains	припевы
refreshment	подкрепление
refreshments	подкрепления
refreshmentses	угощения
refrigerator	холодильник
refrigerators	холодильники
refuge	убежище
refugee	беженец
refugees	беженцы
refuges	убежища
refusal	отказ
refusals	отказы
refutation	опровержение
refutations	опровержения
regal	королевский
regardless	невзирая
regeneration	регенерация
regenerations	регенерации
regent	регент
regents	регенты
regime	режим
regimen	режим
regimens	режимы
regiment	полк
regimental	полковой
regiments	полки
regimes	режимы
region	район
regional	региональный
regions	районы
registrar	регистратор
registrars	регистраторы
registration	регистрация
registrations	регистрации
regret	сожаление
regrets	сожаления
regrettable	прискорбный
regrettably	печально
regular	регулярный
regularity	правильность
regularly	регулярно
regulars	солдаты
regulation	регулирование
regulations	регулирования
regulationses	уставы
regulator	регулятор
regulators	регуляторы
rehabilitation	реабилитация
rehabilitations	реабилитации
rehearsal	репетиция
rehearsals	репетиции
reichstag	рейхстаг
reichstags	рейхстаги
reign	царство
reigns	царства
reimbursement	возврат
reimbursements	возвраты
reindeer	олень
reindeers	олени
reinforcement	усиление
reinforcements	усиления
reinforcementses	пополнения
reinstatement	восстановление
reinstatements	восстановления
rejection	отвод
rejections	отводы
relapse	рецидив
relapses	рецидивы
relation	отношение
relations	отношения
relationses	взаимоотношения
relationship	отношение
relationships	отношения
relative	относительный
relatively	относительно
relatives	родные
relativeses	родни
relativities	относительности
relativity	относительность
relaxation	отдых
relaxations	отдыхи
relay	реле
relay-race	эстафета
relays	подставы
release	увольнение
releases	увольнения
relentless	беспощадный
relevant	актуальный
reliabilities	надёжности
reliability	надёжность
reliable	надёжный
relic	мощи
relics	реликвии
relief	помощь
reliefs	помощи
religion	религия
religions	религии
religious	религиозный
relish	аппетит
reluctance	неохота
reluctances	неохоты
reluctantly	неохотно
remainder	остаток
remainders	остатки
remains	останки
remainses	останки
remarkable	замечательно
remarkably	существенно
remembrance	память
remembrances	памяти
reminder	напоминание
reminders	напоминания
reminiscence	воспоминание
reminiscences	воспоминания
reminiscenceses	воспоминания
reminiscent	напоминающий
remission	отпущение
remissions	отпущения
remittance	перевод
remittances	переводы
remnant	остаток
remnants	остатки
remorse	раскаяние
remorses	раскаяния
remote	удалённый
remoteness	давность
remotenesses	давности
removal	устранение
removals	устранения
remuneration	оплата
remunerations	оплаты
renaissance	возрождение
renaissances	ренессансы
renal	почечный
rendering	оказание
renderings	оказания
rendezvous	свидание
rendezvouses	свидания
rendition	исполнение
renditions	исполнения
renewal	обновление
renewals	возобновления
renovation	обновление
renowned	славный
rent	аренда
rent-free	бесплатный
rental	напрокат
rentals	напрокаты
rents	аренды
renunciation	отречение
renunciations	отречения
reorganization	реорганизация
reorganizations	реорганизации
repair	ремонт
repairs	ремонты
repayment	возврат
repayments	возвраты
repeal	отмена
repeals	отмены
repeatedly	неоднократно
repentance	раскаяние
repentances	раскаяния
repertoire	репертуар
repertoires	репертуары
repertories	репертуары
repertory	репертуар
repetition	повторение
repetitions	повторения
replacement	замена
replacements	замены
replenishment	пополнение
replenishments	пополнения
replete	сытый
replica	копия
replicas	копии
report	отчёт
reporter	репортёр
reporters	репортёры
reporting	репортаж
reportings	репортажи
reports	отчёты
repositories	хранилища
repository	хранилище
representation	изображение
representations	изображения
representative	представитель
representatives	представители
repression	репрессия
repressions	репрессии
reprieve	спасение
reprieves	спасения
reprimand	выговор
reprimands	выговоры
reprisal	расправа
reprisals	расправы
reproduction	воспроизведение
reproductions	воспроизведения
reptile	гад
reptiles	гады
republic	республика
republican	республиканский
republicans	республиканцы
republics	республики
repudiation	отказ
repudiations	отказы
repulsive	отвратительный
reputation	известность
reputations	известности
repute	известность
reputes	известности
requiem	реквием
requiems	реквиемы
requirement	требование
requirements	требования
requirementses	запросы
requisition	требование
requisitions	требования
rescue	спасение
rescue-boat	спасатель
rescuer	спасатель
rescuers	спасатели
rescues	спасения
research	исследование
researches	исследования
resemblance	сходство
resemblances	сходства
resentful	обиженный
resentment	недовольство
resentments	недовольства
reservation	бронирование
reservations	бронирования
reserve	резерв
reserves	резервы
reservoir	водохранилище
reservoirs	водохранилища
resettlement	переселение
resettlements	переселения
residence	жительство
residences	жительства
resident	резидент
residential	жилой
residents	резиденты
residue	остаток
residues	остатки
resignation	отставка
resignations	отставки
resilience	упругость
resiliences	упругости
resiliencies	упругости
resiliency	упругость
resin	смола
resins	смолы
resistance	сопротивление
resistances	сопротивления
resolute	решительный
resolutely	решительно
resolution	резолюция
resolutions	резолюции
resonance	резонанс
resonances	резонансы
resonant	звонкий
resource	ресурс
resourceful	хитрый
resources	ресурсы
respectable	приличный
respiration	дыхание
respirations	дыхания
respiratory	дыхательный
respite	передышка
respites	передышки
respondent	ответчик
respondents	ответчики
response	ответ
responses	ответы
responsibilities	ответственности
responsibility	ответственность
responsible	ответственный
restaurant	ресторан
restaurants	рестораны
restitution	возврат
restitutions	возвраты
restless	неспокойный
restoration	восстановление
restorations	восстановления
restraint	сдержанность
restraints	сдержанности
restriction	ограничение
restrictions	ограничения
restroom	туалет
restrooms	туалеты
result	результат
results	результаты
resumption	возобновление
resumptions	возобновления
resurrection	воскресение
resurrections	воскресения
retail	розница
retails	розницы
retainer	приближённый
retention	удержание
retentions	удержания
reticence	сдержанность
reticences	сдержанности
retina	сетчатка
retinae	сетчатки
retinue	свита
retinues	свиты
retirement	отставка
retirements	отставки
retreat	отступление
retreats	отступления
retrial	пересмотр
retrials	пересмотры
retribution	возмездие
retributions	возмездия
retrograde	отсталый
reunification	воссоединение
reunifications	воссоединения
reunion	воссоединение
reunions	воссоединения
revelation	откровение
revelations	откровения
revenge	реванш
revenges	отместки
reverend	преподобный
reverie	грёза
reveries	грёзы
reverse	оборот
reverses	обороты
review	рецензия
reviewer	рецензент
reviewers	рецензенты
reviews	рецензии
revision	пересмотр
revisions	пересмотры
revival	возрождение
revivals	воскресения
revocation	отмена
revocations	отмены
revolution	революция
revolutionaries	революционеры
revolutionary	революционный
revolutions	революции
revolver	револьвер
revolvers	револьверы
revue	обозрение
revues	обозрения
reward	награда
rewards	награды
rhetoric	риторика
rhetorical	риторический
rhetorics	риторики
rhino	носорог
rhinoceros	носорог
rhinoceroses	носороги
rhinos	носороги
rhyme	рифма
rhymes	рифмы
rhythm	ритм
rhythms	ритмы
rib	ребро
ribbon	лента
ribbons	ленты
ribs	рёбра
rice	рис
rices	рисы
rich	богатый
richer	богаче
riches	богатство
richeses	богатства
richness	богатство
richnesses	богатства
riddle	загадка
riddles	загадки
rider	всадник
riders	всадники
ridge	высота
ridges	высоты
ridiculous	смешной
riding-habit	амазонка
riding-hall	манеж
riding-house	манеж
riding-school	манеж
riff-raff	подонки
rifle	винтовка
rifle-pit	ячейка
rifleman	стрелок
riflemen	стрелки
rifles	винтовки
rift	трещина
rifts	трещины
right	правильно
right-angled	прямоугольный
right-hand	правый
right-wing	правый
right-winger	правый
righteous	праведный
rightly	верно
rights	права
rigid	жёсткий
rigorous	суровый
rind	кора
rinds	корки
ringleader	главарь
ringleaders	главари
riot	бунт
riots	бунты
ripe	зрелый
rise	повышение
riser	прибыль
risers	прибыли
rises	повышения
risk	риск
risks	риски
risky	рискованно
rite	обряд
rites	обряды
ritual	ритуал
rituals	ритуалы
rival	соперник
rivalries	соперничества
rivalry	соперничество
rivals	соперники
river	река
river-bed	русло
river-head	исток
rivers	реки
riverside	береговой
road	дорога
road-bed	полотно
road-building	дорожно-строительный
road-metal	щебень
roads	дороги
roadses	рейды
roadside	обочина
roadsides	обочины
roast	жаркое
robber	грабитель
robberies	грабежи
robbers	грабители
robbery	ограбление
robe	мантия
robes	мантии
robot	робот
robots	роботы
robust	здоровый
rocket	ракета
rockets	ракеты
rocking-horse	лошадка
rod	жезл
rodent	грызун
rodents	грызуны
rods	жезлы
roe	икра
rogue	жук
rogues	жуки
role	роль
roles	роли
roller	ролик
rollers	ролики
rolling-press	каток
roman	римский
romance	роман
romances	романы
romanian	румынский
romanians	румыны
romans	римляне
romantic	романтический
romanticism	романтизм
romantics	романтики
rome	Рим
roof	крыша
roofs	крыши
rook	ладья
rooks	ладьи
room	комната
rooms	комнаты
roomy	просторный
rooster	петух
roosters	петухи
root	корень
roots	корни
rope	верёвка
ropes	верёвки
rose	роза
rose-bush	роза
rose-coloured	розовый
roses	розы
rosette	розетка
rosettes	розетки
rosin	смола
rosins	смолы
rostrum	кафедра
rostrums	кафедры
rosy	розовый
rot	ерунда
rotary	поворотный
rotation	вращение
rotations	круговороты
rotor	ротор
rotors	роторы
rots	ереси
rotten	гнилой
rough	черновой
rough-stone	бут
roughly	грубо
roughness	грубость
roughnesses	грубости
round	раунд
round-the-clock	круглосуточный
round-the-world	кругосветный
roundabout	карусель
roundabouts	карусели
rounds	раунды
route	маршрут
routes	маршруты
routine	режим
routines	режимы
rover	странник
rovers	странники
row	ряд
rowan	рябина
rowans	рябины
rowdies	хулиганы
rowdy	хулиган
rows	ряды
royal	королевский
rubber	резина
rubbers	резины
rubbish	хлам
rubbishes	хламы
rubble	бут
rubbles	буты
rubies	рубины
ruble	рубль
rubles	рубли
rubric	рубрика
rubrics	рубрики
ruby	рубин
rudder	руль
rudders	рули
rude	грубый
rudely	грубо
rudeness	грубость
rudenesses	грубости
rug	коврик
rugby	регби
rugs	коврики
ruins	развалины
ruinses	развалины
rule	правило
ruler	правитель
rulers	правители
rules	правила
rum	ром
rumble	гул
rumbles	гулы
rumblings	брожение
rumblingses	брожения
rumour	слух
rumours	слухи
rump	зад
rumps	зады
rums	ромы
runaway	беглец
runaways	беглецы
runes	руны
runner	прибыль
runners	прибыли
runnerses	бегуны
rupee	рупия
rupees	рупии
rupture	обрыв
ruptures	обрывы
rural	сельский
ruse	уловка
ruses	уловки
russia	Россия
russian	российский
russian-english	русско-английский
rust-coloured	рыжий
rust-proof	нержавеющий
rustle	шелест
rustles	шорохи
rut	колея
ruthless	беспощадный
ruts	колеи
rye	рожь
ryes	ржи
sabbath	шабаш
sabbaths	шабаши
saber	сабля
sabers	сабли
sable	соболь
sables	соболя
sabotage	саботаж
sabotages	саботажи
sabre	шашка
sabres	шашки
sacrament	таинство
sacraments	таинства
sacred	священный
sacrifice	жертва
sacrifices	жертвы
sad	грустно
saddle	седло
saddles	сёдла
sadly	печально
sadness	грусть
safe	безопасно
safeguard	защита
safeguards	защиты
safely	безопасно
safes	сейфы
safeties	сохранности
safety	безопасность
saga	сага
sagas	саги
sage	мудрец
sages	мудрецы
sail	парус
sail-arm	крыло
sailor	моряк
sailors	моряки
sails	паруса
saint	святитель
saints	святители
salad	салат
salads	салаты
salaries	зарплаты
salary	зарплата
sale	продажа
sales	продажи
salesman	продавец
salesmen	продавцы
salient	выпуклый
saliva	слюна
sallies	вылазки
sally	вылазка
salmon	лосось
salmons	лососи
salon	салон
salons	салоны
saloon	салон-вагон
saloon-carriage	салон-вагон
saloons	салоны
salt	соль
salts	соли
salty	солёный
salvation	спасение
salvations	спасения
salvo	залп
salvoes	залпы
sample	образец
samples	образцы
samurai	самурай
samurais	самураи
sanatorium	санаторий
sanatoriums	санатории
sanction	санкция
sanctions	санкции
sanctity	святость
sanctuaries	святилища
sanctuary	святилище
sand	песок
sand-bar	бар
sandals	сандалии
sands	пески
sandstone	песчаник
sandstones	песчаники
sandstorm	смерч
sandstorms	смерчи
sandwich	бутерброд
sandwiches	бутерброды
sandy	песчаный
sane	нормальный
sanguine	оптимистичный
sanitary	санитарный
sap	сок
sappy	сочный
saps	соки
sarcasm	сарказм
sarcasms	сарказмы
sash	пояс
sashes	пояса
satan	сатана
satans	сатаны
satellite	планета-спутник
satellites	спутники
satin	атлас
satirist	сатирик
satirists	сатирики
satisfaction	удовлетворение
satisfactions	удовлетворения
satisfactorily	удовлетворительно
satisfactory	удовлетворительный
saturate	насыщенный
saturation	насыщение
saturations	насыщения
saturday	суббота
saturdays	субботы
saturn	сатурн
sauce	соус
saucepan	кастрюля
saucepans	кастрюли
sauces	соусы
saucy	дерзкий
saudi	саудовский
sausage	колбаса
sausage-meat	фарш
sausages	колбасы
savage	дикарь
savageries	дикости
savagery	дикость
savages	дикари
savings	сбережение
savingses	сбережения
saviour	спаситель
saviours	спасители
savoury	вкусно
saw-buck	козлы
saw-horse	козлы
saying	поговорка
sayings	поговорки
scab	корка
scabs	корки
scale	масштаб
scales	масштабы
scandal	скандал
scandal-monger	сплетница
scandalous	скандальный
scandals	скандалы
scandinavia	Скандинавия
scandinavian	скандинавский
scar	шрам
scarcely	едва
scarecrow	чучело
scarecrows	чучела
scarf	шарф
scarlet	алый
scars	шрамы
scarves	шарфы
scary	страшно
scenario	сценарий
scenarios	сценарии
scene	картина
sceneries	декорации
scenery	декорация
scenes	картины
scenic	живописный
scent	чутьё
scents	*чутья
schedule	график
schedules	графики
scheme	схема
schemes	схемы
schism	раскол
schisms	расколы
schizophrenia	шизофрения
schizophrenias	шизофрении
scholarly	знающий
scholastic	школьный
school	школа
school-leavers	выпуск
schoolboy	школьник
schoolboys	школьники
schoolgirl	школьница
schoolgirls	школьницы
schoolhouse	школа
schoolhouses	школы
schools	школы
science	наука
science-fiction	научно-фантастический
sciences	науки
scientific	научный
scientifically	научно
scientist	учёный
scissors	ножницы
scleroses	склерозы
sclerosis	склероз
scope	круг
scopes	круги
score-board	табло
scoring	разгар
scorpion	скорпион
scorpions	скорпионы
scot	шотландец
scotland	Шотландия
scots	шотландцы
scotsman	шотландец
scotsmans	шотландцы
scottish	шотландский
scoundrel	подлец
scoundrels	подлецы
scourge	бич
scourges	бичи
scout	скаут
scouts	скауты
scramble	свалка
scrambles	свалки
scrap	клочок
scrap-heap	свалка
scraps	клочки
scratch	царапина
scratches	царапины
screech	визг
screeches	визги
screen	экран
screenplay	сценарий
screenplays	сценарии
screens	экраны
screenwriter	сценарист
screenwriters	сценаристы
screw	винт
screws	винты
script	сценарий
scripts	сценарии
scriptural	библейский
scroll	свиток
scrolls	свитки
scrutinies	рассмотрения
scrutiny	рассмотрение
scuffle	драка
scuffles	драки
sculptor	скульптор
sculptors	скульпторы
sculpture	скульптура
sculptures	скульптуры
scum	мразь
scumbag	подонок
scumbags	подонки
scums	мрази
scythe	коса
scythes	косы
sea	море
sea-coast	побережье
sea-front	набережная
sea-piece	марина
sea-scape	марина
sea-wall	стенка
seaboard	побережье
seaboards	побережья
seafood	морепродукт
seafoods	морепродукты
seal	печать
seal-ring	перстень
seals	печати
seam	шов
seaman	моряк
seamen	моряки
seams	швы
sear	спусковой
search	поиск
searches	поиски
sears	спуски
seas	моря
seaside	приморье
seasides	приморья
season	сезон
seasonal	сезонный
seasons	сезоны
seat	сиденье
seats	сиденья
seaweed	водоросль
seaweeds	водоросли
secession	отложение
secessions	отложения
seclusion	затвор
seclusions	затворы
second	второй
second-hand	подержанный
secondary	второстепенный
secondly	во-вторых
seconds	секунды
secrecies	секретности
secrecy	секретность
secret	секрет
secretaries	секретари
secretary	секретарь
secretion	секрет
secretions	секреты
secretive	таинственный
secretly	тайно
secrets	секреты
sect	секта
section	секция
sections	секции
sector	сектор
sectors	сектора
sects	секты
secular	светский
securities	залоги
security	безопасность
sedan	носилки
sedate	положительный
sediment	гуща
sediments	гущи
sedition	смута
seditions	смуты
seduction	искушение
seductions	искушения
seed	семя
seedling	саженец
seedlings	саженцы
seeds	семена
seeing-off	проводы
seeker	искатель
seekers	искатели
segment	сегмент
segments	сегменты
seizure	захват
seizures	захваты
select	избранный
selection	отбор
selections	отборы
selective	избирательный
selenium	селен
seleniums	селены
self-acting	автоматический
self-appraisal	самооценка
self-awareness	самосознание
self-command	самообладание
self-control	выдержка
self-defence	самооборона
self-dependence	самостоятельность
self-dependency	самостоятельность
self-dependent	самостоятельный
self-determination	самоопределение
self-disciplined	собранный
self-esteem	самолюбие
self-government	самоуправление
self-importance	важность
self-mastery	выдержка
self-murder	самоубийство
self-murderer	самоубийца
self-portrait	автопортрет
self-possession	самообладание
self-preservation	самосохранение
self-propelled	самоходный
self-respect	самолюбие
self-restraint	выдержка
self-service	самообслуживание
self-serving	корыстный
selfishness	эгоизм
selfishnesses	эгоизмы
selflessness	самоотверженность
selflessnesses	самоотверженности
seller	продавец
sellers	продавцы
semblance	вид
semblances	виды
semen	семя
semens	семена
semester	семестр
semesters	семестры
semi-conducting	полупроводник
semi-conductor	полупроводник
semi-final	полуфинал
seminar	семинар
seminars	семинары
senate	сенат
senates	сенаты
senator	сенатор
senators	сенаторы
send-off	проводы
senior	старший
seniors	старосты
sensation	бум
sensational	сенсационный
sensations	бумы
sense	смысл
senseless	бессмысленный
senses	смыслы
sensible	здравый
sensibly	разумно
sensitive	чувствительный
sensitivities	чувствительности
sensitivity	чувствительность
sensory	сенсорный
sensual	эротический
sentence	предложение
sentences	предложения
sentimental	чувствительный
sentimentalities	чувствительности
sentimentality	чувствительность
sentiments	настроение
sentimentses	настроения
sentinel	часовой
sentry	часовой
seoul	Сеул
separately	отдельно
separation	отделение
separations	отделения
separatism	сепаратизм
separatisms	сепаратизмы
separatist	сепаратист
separatists	сепаратисты
separator	сортировка
separators	сортировки
september	сентябрь
septembers	сентябри
sepulchre	гробница
sepulchres	гробницы
sequel	продолжение
sequels	последствия
sequence	кадр
sequences	кадры
sequestration	арест
sequestrations	аресты
serb	серб
serbian	сербский
serbians	сербы
serbs	сербы
serene	спокойный
sergeant	сержант
sergeant-major	старшина
sergeants	сержанты
serial	серийный
series	серия
serieses	серии
serious	серьёзный
seriously	серьёзно
seriousness	серьёзность
seriousnesses	серьёзности
sermon	проповедь
sermons	проповеди
serum	сыворотка
serums	сыворотки
servant	слуга
servants	слуги
server	сервер
servers	серверы
service	служба
serviceman	военнослужащий
servicemen	армейцы
services	службы
serving	отбывание
servings	отбывания
servitude	рабство
servitudes	рабства
session	заседание
sessions	заседания
set-back	рецидив
setting	закат
settings	закаты
settlement	посёлок
settlements	посёлки
settler	поселенец
settlers	поселенцы
setup	настройка
setups	настройки
sevastopol	Севастополь
seven	семь
seven-year	семилетний
seven-year-old	семилетний
sevenfold	сам-сём
sevens	семёрки
seventeen	семнадцать
seventh	седьмой
seventy	семьдесят
severe	суровый
severely	сурово
severities	жестокости
severity	жестокость
sewer	сток
sewerage	канализация
sewerages	канализации
sewers	стоки
sewing-machine	машинка
sex	секс
sexes	сексы
sexual	сексуальный
sexualities	сексуальности
sexuality	сексуальность
shack	хижина
shacks	хижины
shade	тень
shades	тени
shadow	тень
shadowing	слежка
shadowings	слежки
shadows	тени
shadowy	призрачный
shady	теневой
shaft	вал
shaft-bow	дуга
shafts	валы
shah	шах
shahs	шахи
shallow	поверхностный
shaman	шаман
shamans	шаманы
shame	позор
shames	позоры
shampoo	шампунь
shampoos	шампуни
shanghai	Шанхай
shank	голень
shanks	голени
shape	образ
shapes	образы
share	акция
shareholder	акционер
shareholders	акционеры
shares	акции
shark	акула
sharks	акулы
sharp	остро
sharply	резко
sharpshooter	снайпер
sharpshooters	снайперы
shave	бритьё
shaves	*бритья
shawl	платок
shawls	платки
she-bear	медведица
she-goat	коза
she-leopard	леопард
she-wolf	волчица
sheaf	связка
sheaves	связки
sheep	овца
sheer	чистый
sheet	простыня
sheets	простыни
sheikh	шейх
sheikhs	шейхи
shelf	шельф
shell	оболочка
shellfish	моллюск
shellfishes	моллюски
shells	оболочки
shelter	убежище
shelters	убежища
shelves	шельфы
shepherd	пастух
shepherds	пастухи
sheriff	шериф
sheriffs	шерифы
shield	щит
shields	щиты
shift	смена
shifts	смены
shin	голень
shins	голени
ship	корабль
shipbuilding	судостроение
shipbuildings	судостроения
shipment	погрузка
shipments	погрузки
ships	корабли
shipwreck	кораблекрушение
shipwrecks	кораблекрушения
shipyard	верфь
shipyards	верфи
shire	графство
shires	графства
shirt	рубашка
shirt-front	грудь
shirts	рубашки
shit	дерьмо
shits	говна
shitty	хреновый
shoal	мель
shoals	мели
shock	шок
shock-worker	ударник
shocks	потрясения
shoe	туфля
shoe-horn	рожок
shoemaker	сапожник
shoemakers	сапожники
shoes	туфли
shooter	стрелок
shooters	стрелки
shooting	расстрел
shooting-gallery	тир
shooting-mark	мишень
shooting-range	тир
shootings	расстрелы
shop	магазин
shop-assistant	продавщица
shop-girl	продавщица
shops	магазины
shore	берег
shores	берега
short	короткий
short-lived	минутный
short-term	краткосрочный
shortage	нехватка
shortages	нехватки
shortcut	ярлык
shortcuts	ярлыки
shortening	сокращение
shortenings	сокращения
shorter	пониже
shortest	кратчайший
shortly	незадолго
shot	выстрел
shots	выстрелы
should-strap	погон
shoulder	плечо
shoulder-blade	лопатка
shoulders	плечи
shovel	лопатка
shovels	лопатки
show-case	витрина
show-window	выставка
shower-baths	душевная
shred	клок
shreds	клочья
shrewd	тонкий
shrimp	креветка
shrimps	креветки
shrine	ковчег
shrines	ковчеги
shroud	покров
shrouds	покровы
shrub	куст
shrubberies	кустарники
shrubbery	кустарник
shrubs	кусты
shrubses	кустарники
shutter	затвор
shutters	затворы
shutting-off	выключение
shy	дикий
shyness	дикость
shynesses	дикости
siberia	сибирь
siberian	сибирский
siberians	сибиряки
sick	больной
sick-bay	лазарет
sickle	серп
sickles	серпы
sickness	тошнота
sicknesses	тошноты
side	сторона
side-car	коляска
side-scenes	кулисы
side-show	аттракцион
side-street	переулок
sideboard	буфет
sideboards	буфеты
sides	стороны
sidewalk	тротуар
sidewalks	тротуары
sideways	боком
siege	осада
sieges	осады
sieve	сито
sieves	сита
sight	зрение
sights	зрения
signal	сигнал
signal-box	блок-аппарат
signalling	сигнализация
signallings	сигнализации
signals	сигналы
signature	подпись
signatures	подписи
signet-ring	перстень
significance	важность
significant	важный
significantly	существенно
signor	господин
signors	господа
silence	тишина
silences	молчания
silent	тихий
silently	молча
silhouette	силуэт
silhouettes	силуэты
silicon	кремний
silicons	кремнии
silk	шёлк
silks	шелка
silly	глупо
silt	ил
silts	илы
silver	серебро
silvery	серебристый
similar	подобный
similarities	сходства
similarity	сходство
simple	просто
simpler	проще
simplest	проще
simplicities	*простоты
simplicity	простота
simplification	упрощение
simplifications	упрощения
simply	просто
simulation	моделирование
simulations	моделирования
simultaneously	параллельно
sin	грех
sincere	прямой
sincerely	искренне
sincerity	искренность
singer	певица
singers	певицы
single	одиночный
single-oar	одиночка
singularities	странности
singularity	странность
sinister	жуткий
sinner	грешник
sinners	грешники
sins	грехи
sir	сэр
sire	производитель
siren	сирена
sirens	сирены
sires	производители
sirius	сириус
sirloin	вырезка
sirloins	вырезки
sirs	сэры
sister	сестра
sister-in-law	невестка
sisters	сёстры
site	место
sites	места
sitter	натура
sitters	натуры
situation	ситуация
situations	ситуации
six	шесть
six-in-hand	шестёрка
sixes	шестёрки
sixteen	шестнадцать
sixth	шестой
sixty	шестьдесят
sizable	немалый
size	размер
sizeable	значительный
sizes	размеры
skating-rink	каток
skeleton	скелет
skeletons	скелеты
sketch	очерк
sketches	очерки
skew	косой
ski	лыжный
ski-binding	крепление
skier	лыжник
skiers	лыжники
skies	небеса
skilful	искусный
skilfully	умело
skill	навык
skills	навыки
skin	кожа
skinny	худой
skins	кожи
skirmish	схватка
skirmishes	схватки
skirt	юбка
skirts	юбки
skull	череп
skulls	черепа
skunk	гад
skunks	гады
sky	небо
sky-blue	лазурный
sky-scraper	небоскрёб
skylight	фонарь
skylights	фонари
skyline	горизонт
skylines	горизонты
slab	плита
slabs	плиты
slack	слабый
slalom	слалом
slam	шлем
slams	шлемы
slander	клевета
slanders	клеветы
slang	арго
slash	удар
slashes	удары
slaughter	резня
slaughter-house	бойня
slaughters	резни
slav	славянин
slave	раб
slaveries	рабства
slavery	рабство
slaves	рабы
slavic	славянский
slavs	славяне
sledge	сани
sledges	сани
sleek	гладкий
sleepiness	сонливость
sleepinesses	сонливости
sleepy	сонный
sleeve	рукав
sleeves	рукава
sleigh	сани
sleighs	сани
sleight-of-hand	трюк
slender	стройный
sleuth	сыщик
sleuths	сыщики
slice	кусок
slices	куски
slide	движок
slides	движки
slight	лёгкий
slightly	немного
slights	щелчки
slim	тонкий
slime	тина
slimes	тины
slimy	слизистый
slip-rope	серьга
slippers	тапочки
slipperses	тапочки
slit	скважина
slits	скважины
sliver	осколок
slivers	осколки
slogan	лозунг
slogans	лозунги
slope	склон
slopes	склоны
sloppy	кое-как
slot	окно
slot-machine	касса-автомат
slots	окна
slough	болото
sloughs	болота
slovak	словацкий
slovakian	словацкий
slovaks	словаки
slow	медленный
slow-witted	тупой
slowly	медленно
sluice	шлюз
sluice-gate	щит
sluices	шлюзы
slum	трущоба
slump	спад
slumps	спады
slums	трущобы
sly	хитрый
smack	привкус
smacks	привкусы
small	небольшой
small-minded	мелкий
smallpox	оспа
smallpoxes	оспы
smart	умный
smartly	бойко
smith	кузнец
smithies	кузницы
smiths	кузнецы
smithy	кузница
smoke-stack	труба
smoker	курильщик
smokers	курильщики
smoking	курение
smokings	курения
smooth	плавно
smoothing-iron	утюг
smoothly	гладко
snack	закуска
snack-bar	бар
snacks	закуски
snail	улитка
snails	улитки
snare	ловушка
snares	ловушки
snatch	обрывок
snatches	обрывки
sneaker	кроссовка
sneakers	кроссовки
sneaky	подлый
sniper	снайпер
snipers	снайперы
snore	храп
snores	храпы
snorkel	трубка
snorkels	трубки
snort	храп
snorts	храпы
snot	сопли
snout	пятачок
snouts	пятачки
snow	снег
snow-drift	сугроб
snow-fence	щит
snow-screen	щит
snow-slip	лавина
snowball	снежок
snowballs	снежки
snowfall	снегопад
snowfalls	снегопады
snowflake	снежинка
snowflakes	снежинки
snows	снега
snowstorm	метель
snowstorms	метели
snowy	снежный
so-and-so	такой-то
so-so	ничего
soap	мыло
soaps	мыла
sober	трезвый
sobriety	трезвость
soccer	футбол
soccers	футболы
sociable	общественный
social	социальный
social-democratic	социал-демократический
social-economic	общественно-экономический
socialism	социализм
socialist	социалист
socialist-revolutionary	эсер
socialists	социалисты
socialization	социализация
socializations	социализации
socially	социально
societies	общества
society	общество
socio-economic	социально-экономический
sociological	социологический
sociologies	социологии
sociologist	социолог
sociologists	социологи
sociology	социология
sock	носок
socket	гнездо
sockets	гнёзда
socks	носки
soda	сода
sodas	соды
sodium	натрий
sodiums	натрии
sofa	диван
sofas	диваны
soft	мягкий
softening	смягчение
softenings	смягчения
softly	мягко
softness	мягкость
softnesses	мягкости
soggy	мокрый
soil	почва
soils	почвы
solar	солнечный
soldier	солдат
soldier's	солдатский
soldiers	солдаты
sole	единственный
solely	исключительно
solemn	торжественный
solemnities	празднества
solemnity	празднество
solemnly	торжественно
soles	следы
solicitation	ходатайство
solicitations	ходатайства
solicitor	адвокат
solicitors	адвокаты
solid	солидный
solidarities	солидарности
solidarity	солидарность
solidities	крепости
solidity	крепость
solidly	прочно
solitary	одинокий
solitude	одиночество
solitudes	одиночества
solo	соло
soloist	солист
soloists	солисты
solution	раствор
solutions	растворы
solvent	состоятельный
sombre	мрачный
somebody	кто-то
somehow	как-то
someone	кто-нибудь
something	что-то
sometimes	иногда
somewhat	слегка
somewhats	малости
somewhere	где-то
son	сын
son-in-law	зять
sonata	соната
sonatas	сонаты
song	песня
songs	песни
sonnet	сонет
sonnets	сонеты
sonnies	сынки
sonny	сынок
sons	сыновья
soon	вскоре
sooner	скорее
soprano	сопрано
sorcerer	колдун
sorcerers	колдуны
sorceress	колдунья
sorceresses	колдуньи
sorceries	чары
sorcery	чары
sordid	грязный
sorrow	скорбь
sorrowful	прискорбный
sorrows	скорби
sorry	извините
sort	сорт
sortie	вылазка
sorties	вылазки
sorts	сорта
sou	су
soul	душа
soulmate	половинка
soulmates	половинки
souls	души
sounding-lead	лот
soundly	здорово
soup	суп
soups	супы
sour	кислый
sour-sweet	кисло-сладкий
source	источник
sources	источники
south	юг
south-east	юго-восточный
south-west	юго-западный
southern	южный
souths	юга
southward	южнее
souvenir	сувенир
souvenirs	сувениры
sovereign	государь
sovereigns	государи
sovereignties	суверенитеты
sovereignty	суверенитет
soviet	советский
soviets	советы
soy-bean	соя
spa	курорт
space	пространство
spaces	пространства
spacious	обширный
spade	лопата
spades	лопаты
spain	Испания
spam	спам
span	промежуток
spaniard	испанец
spaniards	испанцы
spanish	испанский
spans	промежутки
spark	искра
sparks	искры
sparrow	воробей
sparrows	воробьи
spas	курорты
spasm	схватки
spasms	схватки
spatial	пространственный
speaker	председатель
speakers	председатели
spear	копьё
spears	копья
special	специальный
specialist	специалист
specialists	специалисты
specialities	специальности
speciality	специальность
specialization	специализация
specializations	специализации
specially	специально
species	порода
specieses	породы
specific	определённый
specifically	конкретно
specification	уточнение
specifications	уточнения
specificities	специфики
specificity	специфика
specimen	представитель
specimens	представители
spectacle	зрелище
spectacles	очки
spectacleses	очки
spectral	спектральный
spectre	призрак
spectres	призраки
spectroscopies	спектроскопии
spectroscopy	спектроскопия
spectrum	спектр
spectrums	спектры
speculation	спекуляция
speculations	спекуляции
speech	речь
speech-day	акт
speeches	речи
speed	скорость
speeding-up	ускорение
speeds	скорости
sperm	сперма
sperms	спермы
sphere	сфера
spheres	сферы
sphinx	сфинкс
sphinxes	сфинксы
spice	специя
spice-cake	пряник
spices	специи
spider	паук
spiderman	Человек-паук
spiders	пауки
spike	шип
spikes	шипы
spinach	шпинат
spinaches	шпинаты
spinal	спинной
spindle	ось
spine	хребет
spines	хребты
spinster	девица
spinsters	девицы
spiny	колючий
spiral	спираль
spirals	спирали
spire	игла
spires	иглы
spirit	дух
spirits	духи
spiritual	духовный
spiritualities	духовности
spirituality	духовность
spite	злоба
spiteful	злобный
spites	злобы
splash	всплеск
splash-board	крыло
splashes	всплески
splendid	великолепный
splendidly	великолепно
splendour	великолепие
splendours	великолепия
splint	шина
splinter	осколок
splinters	осколки
splints	шины
split	раскол
splits	расколы
spoiler	хищник
spoilers	хищники
spokesman	представитель
spokesmen	представители
sponge	губка
sponge-cake	пирожное
sponges	губки
sponsor	инициатор
sponsors	инициаторы
spontaneous	непосредственный
spontaneously	стихийно
spook	призрак
spooks	призраки
spool	катушка
spools	катушки
spoon	ложка
spoons	ложки
spore	спора
spores	споры
sport	спорт
sports	спорты
sports-jersey	майка
sportsman	спортсмен
sportsmen	спортсмены
spot	место
spot-check	рейд
spots	места
spouse	супруг
spouses	супруги
spout	носик
spouts	носики
spray	брызги
sprays	*пыли
spreader	отвод
spreaders	отводы
spring	источник
spring-barley	жито
spring-board	трамплин
spring-rye	жито
spring-wheat	жито
springboard	плацдарм
springboards	плацдармы
springs	источники
springtime	весна
springtimes	вёсны
sprint	спринт
sprints	спринты
sprout	росток
sprouts	ростки
spruce	ель
spruces	ели
spur	шпора
spurious	фальшивый
spurs	шпоры
spurt	рывок
spurts	рывки
spy-hole	глазок
squabble	стычка
squabbles	стычки
squad	отряд
squadron	эскадра
squadrons	эскадры
squads	отряды
squall	шквал
squalls	шквалы
square	квадратный
squares	квадраты
squeal	визг
squeals	визги
squid	кальмар
squids	кальмары
squint-eyed	косой
stab	боль
stabilities	стабильности
stability	стабильность
stabilization	стабилизация
stabilizations	стабилизации
stabilizer	стабилизатор
stabilizers	стабилизаторы
stable	стабильный
stables	конюшни
stabs	боли
stadium	стадион
stadiums	стадионы
staff	посох
staff-captain	штабс-капитан
staffs	посохи
stag-party	мальчишник
stage	этап
stage-manager	постановщик
stage-name	псевдоним
stages	этапы
stagnation	застой
stagnations	застои
stain	пятно
stainless	безупречный
stains	пятна
stair-carpet	дорожка
stair-well	пролёт
staircase	лестница
staircases	лестницы
stairs	лестница
stairses	лестницы
stake	кол
stakes	колы
stalemate	пат
stalin	Сталин
stalinist	сталинский
stalk	ножка
stalker	сталкер
stalkers	сталкеры
stalks	ножки
stall	кресло
stallion	жеребец
stallions	жеребцы
stalls	кресла
stamina	выносливость
staminas	выносливости
stamp	марка
stamps	марки
stand-by	простой
standard	норма
standardization	стандартизация
standardizations	стандартизации
standards	нормы
star	звезда
starry	звёздный
stars	звёзды
starvation	голод
starvations	голодовки
state	государство
state-room	каюта
statehood	государственность
statehoods	государственности
stately	видный
statement	заявление
statements	заявления
states	государства
station	станция
stationary	стационарный
stations	станции
statistic	статистический
statistics	статистика
statisticses	статистики
statue	статуя
statues	статуи
statuette	фигурка
statuettes	фигурки
stature	положение
statures	положения
status	статус
statuses	статусы
statute	закон
statutes	законы
statuteses	уставы
staunch	стойкий
staying-power	выдержка
steadfast	устойчивый
steadily	неуклонно
steady	устойчивый
steak	стейк
steaks	стейки
stealthily	украдкой
steam	пар
steamboat	пароход
steamboats	пароходы
steamer	пароход
steamers	пароходы
steams	пары
steamship	пароход
steamships	пароходы
steed	конь
steeds	кони
steel	сталь
steels	стали
steep	крутой
steeple	игла
steeples	иглы
steering-wheel	штурвал
stem	основа
stems	основы
stench	вонь
stenches	вони
stencil	шаблон
stencils	шаблоны
step	шаг
stepfather	отчим
stepfathers	отчимы
stepmother	мачеха
stepmothers	мачехи
steppe	степь
steppes	степи
steps	шаги
stereotype	стереотип
stereotypes	стереотипы
sterilities	бесплодия
sterility	бесплодие
sterilization	стерилизация
sterilizations	стерилизации
sterling	стерлинг
sterlings	стерлинги
stern	кормовой
sternly	сурово
stew-pan	кастрюля
steward	управляющий
stewardess	стюардесса
stewardesses	стюардессы
stewards	экономы
stiff	жёсткий
stigma	пятно
stigmas	пятна
stimulation	стимулирование
stimulations	стимулирования
stimuli	стимулы
stimulus	стимул
stingy	скупой
stitch	строчка
stitches	строчки
stock	запас
stock-breeding	скотоводство
stock-raising	животноводство
stock-taking	учёт
stockholder	акционер
stockholders	акционеры
stockholm	Стокгольм
stocking	чулок
stockings	чулки
stocks	запасы
stomach	живот
stomachs	животы
stone	камень
stones	камни
stony	каменный
stool	стул
stool-pigeon	провокатор
stools	стулья
stop-cock	кран
stoppage	перебой
stoppages	перебои
stopper	пробка
stoppers	пробки
storage	память
storages	памяти
store	память
storehouse	склад
storehouses	склады
stores	памяти
storey	этаж
storeys	этажи
stories	рассказы
stork	аист
storks	аисты
storm	шторм
storm-cloud	туча
storms	штормы
stormy	бурный
story	рассказ
stout	толстый
stove	печка
stoves	печки
stowaway	заяц
stowaways	зайцы
straight	прямо
straightforward	прямой
straights	подряды
strait	пролив
straits	проливы
strand	жила
strands	жилы
strange	странно
strangely	странно
strangeness	странность
strangenesses	странности
stranger	чужой
strangers	незнакомцы
strap	ремень
straps	ремни
strata	слои
strategic	военно-экономический
strategies	стратегии
strategist	стратег
strategists	стратеги
strategy	стратегия
stratification	расслоение
stratifications	расслоения
stratum	слой
straw	солома
strawberries	клубника
strawberrieses	клубники
strawberry	клубника
straws	соломы
stray	бездомный
streak	черта
streaks	черты
stream	поток
streams	потоки
street	улица
street-car	трамвай
street-walker	проститутка
streets	улицы
strength	сила
stress	стресс
stresses	стрессы
stretcher	носилки
strict	строгий
strictly	строго
stride	шаг
strides	шаги
strife	рознь
striker	ударник
strikers	ударники
strikingly	ярко
string	струна
string-bag	сетка
strings	струны
strip	участок
strip-tease	стриптиз
stripe	полоса
striped	полосатый
stripes	полосы
strips	участки
stroke	штрих
strokes	штрихи
strong	сильный
strong-willed	волевой
stronghold	крепость
strongholds	крепости
strongly	сильно
strongly-worded	резкий
structural	структурный
structure	структура
structures	структуры
struggle	борьба
struggles	бои
stubborn	упорный
stubbornness	упрямство
stubbornnesses	упрямства
stubborns	кремни
stud-horse	производитель
student	студент
student's	студенческий
students	студенты
studentses	студенчества
studio	студия
studios	студии
stuff	вещи
stuffing	фарш
stuffing-box	сальник
stuffings	фарши
stuffs	материалы
stunningly	великолепно
stunt	трюк
stunts	трюки
stupendous	потрясающий
stupid	дурацкий
stupidities	глупости
stupidity	глупость
stupidly	глупо
style	стиль
styles	стили
stylish	стильный
stylistic	стилистический
sub-faculty	кафедра
sub-group	подгруппа
sub-lieutenant	мичман
sub-machine-gun	автомат
sub-machine-gunner	автоматчик
sub-unit	подразделение
subdivision	подразделение
subdivisions	подразделения
subject	тема
subject-matter	тематика
subjects	темы
subjugation	покорение
subjugations	покорения
submarine	подводный
submarines	подлодки
submission	подчинение
submissions	подчинения
subordination	подчинение
subordinations	подчинения
subpoena	вызов
subpoenas	вызовы
subscriber	подписчик
subscribers	подписчики
subscription	подписка
subscriptions	подписки
subsequent	дальнейший
subsequently	затем
subsidence	осадка
subsidences	осадки
subsidiaries	филиалы
subsidiary	подсобный
subsidies	субсидии
subsidy	субсидия
substance	содержание
substances	содержания
substantial	значительный
substation	подстанция
substations	подстанции
substitute	заместитель
substitutes	заместители
substitution	замена
substitutions	замены
subsurface	недра
subterfuge	уловка
subterfuges	уловки
subterranean	подземный
subtitle	субтитр
subtitles	субтитры
subtle	тонкий
subtleties	тонкости
subtlety	тонкость
subtly	тонко
suburb	пригород
suburban	пригородный
suburbs	пригороды
subway	метрополитен
subways	метрополитены
success	успех
successes	успехи
successful	успешный
successfully	успешно
succession	последовательность
successions	последовательности
successive	последовательный
successor	преемник
successors	преемники
succulent	сочный
such-and-such	такой-то
sucker	побег
suckers	побеги
sucking-pig	поросёнок
sudden	внезапный
suddenly	вдруг
suds	пена
sudses	пены
suffering	страдание
sufferings	страдания
sufficiencies	достатки
sufficiency	достаток
sufficient	достаточный
sufficiently	достаточно
suffix	суффикс
suffixes	суффиксы
sugar	сахар
sugars	сахара
sugary	сахарный
suicide	самоубийство
suicides	самоубийства
suitabilities	годности
suitability	годность
suitable	подходящий
suitably	достойно
suitcase	чемодан
suitcases	чемоданы
suite	свита
suites	свиты
suitor	жених
suitors	женихи
sullen	хмурый
sultan	султан
sultans	султаны
sultry	парит
sum	итог
summaries	сводки
summary	резюме
summer	лето
summer-like	летний
summers	лета
summery	летний
summit	вершина
summits	вершины
sumptuous	роскошный
sums	итоги
sun	солнце
sunburn	загар
sunburns	загары
sunday	воскресенье
sundays	воскресенья
sunflower	подсолнечник
sunflowers	подсолнечники
sunny	солнечный
suns	солнца
sunset	заря
sunsets	зори
super	супер
superb	превосходный
superbly	здорово
superficial	внешний
superficially	поверхностно
superfluous	лишний
superior	начальник
superiorities	превосходства
superiority	превосходство
superiors	начальники
superman	супермен
supermarket	супермаркет
supermarkets	супермаркеты
supermen	супермены
supernatural	сверхъестественный
superposition	наложение
superpositions	наложения
superstition	суеверие
superstitions	суеверия
superstructure	надстройка
superstructures	надстройки
supervision	надзор
supervisions	надзоры
supervisor	смотритель
supervisors	смотрители
supper	ужин
suppers	ужины
supple	гибкий
supplier	поставщик
suppliers	поставщики
supporter	сторонник
supporters	сторонники
supposedly	предположительно
supposition	предположение
suppositions	предположения
suppression	подавление
suppressions	подавления
supremacies	господства
supremacy	господство
supreme	верховный
surcharge	перегрузка
surcharges	перегрузки
sure	конечно
surf	прибой
surface	поверхность
surfaces	поверхности
surfs	прибои
surge	прилив
surgeon	хирург
surgeons	хирурги
surgeries	хирургии
surgery	хирургия
surges	приливы
surgical	хирургический
surplus	избыток
surpluses	избытки
surprisingly	удивительно
surreptitiously	тайком
surroundings	среда
surroundingses	среды
surveillance	надзор
surveillances	надзоры
survey	обзор
surveys	обзоры
survival	выживание
survivals	выживания
survivor	выживший
susceptible	чувствительный
suspension	приостановка
suspensions	приостановки
suspicion	подозрение
suspicions	подозрения
suspicious	подозрительно
suspiciously	подозрительно
suture	нить
sutures	нити
suv	внедорожник
suvs	внедорожники
swagger	форс
swamp	болото
swamps	болота
swan	лебедь
swank	форс
swans	лебеди
swarm	рой
swarms	рои
sway	господство
sways	господства
sweat	пот
sweater	свитер
sweats	поты
swede	швед
sweden	Швеция
swedes	шведы
swedish	шведский
sweep	поиск
sweep-net	сетка
sweeps	поиски
sweet	сладкий
sweet-shop	кондитерская
sweetheart	возлюбленная
sweethearts	симпатии
sweetly	сладко
sweetness	сладость
sweetnesses	сладости
sweets	конфеты
sweetses	сладости
swelling	опухоль
swellings	опухоли
swift	стремительный
swiftly	стремительно
swimmer	пловец
swimmers	пловцы
swimming	плавание
swimmings	плавания
swimsuit	плавки
swimsuits	плавки
swindle	мошенничество
swindles	мошенничества
swine	свинья
swines	свиньи
swing	размах
swings	размахи
swiss	швейцарский
switching	переключение
switching-off	выключение
switchings	переключения
switzerland	Швейцария
swoon	обморок
swoons	обмороки
swoop	рейд
swoops	рейды
sword	меч
sword-fish	меч-рыба
swords	мечи
syllable	слог
syllables	склады
symbol	символ
symbolic	символический
symbolism	символика
symbolisms	символики
symbols	символы
symmetries	симметрии
symmetry	симметрия
sympathies	участия
sympathy	участие
symphonic	симфонический
symphonies	симфонии
symphony	симфония
symposium	симпозиум
symposiums	симпозиумы
symptom	симптом
symptoms	симптомы
synagogue	синагога
synagogues	синагоги
synchronization	синхронизация
synchronizations	синхронизации
syndicate	синдикат
syndicates	синдикаты
syndrome	синдром
syndromes	синдромы
synod	синод
synods	синоды
synonym	синоним
synonyms	синонимы
synopses	конспекты
synopsis	конспект
syntax	синтаксис
syntaxes	синтаксисы
syntheses	синтезы
synthesis	синтез
synthetic	синтетический
syrian	сирийский
syringe	шприц
syringes	шприцы
syrup	сироп
syrups	сиропы
system	система
systematic	методический
systematically	систематически
systemic	системный
systems	системы
t-shirt	майка
table	стол
table-cloth	скатерть
table-knife	нож
tables	столы
tablet	таблетка
tablets	таблетки
tableware	посуда
taboo	табу
tachycardia	сердцебиение
tachycardias	сердцебиения
tacit	молчаливый
tacitly	молча
tack	гвоздь
tackle	принадлежность
tackles	принадлежности
tacks	гвозди
tact	такт
tactical	тактический
tactics	тактика
tacticses	тактики
tacts	такты
tag	ярлык
tags	ярлыки
taiga	тайга
taigas	тайги
tail	хвост
tail-end	хвост
tail-piece	концовка
tailor	портной
tailors	портные
tails	хвосты
taiwan	Тайвань
tajik	таджикский
tajiks	таджики
take-off	старт
taking	взятие
takings	взятия
takingses	сборы
tale	сказка
tale-bearer	сплетница
talent	талант
talented	талантливый
talents	таланты
tales	сказки
talisman	талисман
talismans	талисманы
talking-to	замечание
tall	крупный
talon	коготь
talons	когти
tambourine	бубен
tambourines	бубны
tan	загар
tandem	тандем
tandems	тандемы
tangle	путаница
tangles	путаницы
tank	танк
tanker	танкер
tankers	танкеры
tanks	танки
tanner	кожевник
tanners	кожевники
tans	загары
tap	кран
tape	лента
tape-line	сантиметр
tape-measure	сантиметр
tape-recorder	магнитофон
taper	свеча
tapers	свечи
tapes	ленты
taps	краны
tar	смола
tardy	поздний
target	цель
targets	цели
tariff	тариф
tariffs	тарифы
tars	смолы
tart	девка
tarts	девки
task	задача
tasks	задачи
tassel	кисть
tassels	кисти
taste	вкус
tastes	вкусы
tasty	вкусно
tatar	татарин
tatars	татары
tattoo	татуировка
tattooing	татуировка
tattooings	татуировки
tattoos	татуировки
taurus	телец
tauruses	тельцы
tavern	трактир
taverns	трактиры
tax	налог
tax-payer	налогоплательщик
taxation	налогообложение
taxations	налогообложения
taxes	налоги
taxi	такси
taxi-driver	таксист
tbilisi	Тбилиси
tea	чай
tea-drinking	чаепитие
tea-party	чай
tea-room	кафе-кондитерская
teacher	учитель
teachers	учителя
teaching	обучение
teachings	обучения
teak	тик
teaks	тики
team	команда
team-leader	бригадир
teams	команды
teapot	чайник
teapots	чайники
tear	слеза
tears	слёзы
teas	чаи
technical	технический
technician	техник
technicians	техники
technique	техника
techniques	техники
technological	технологический
technologies	технологии
technologist	технолог
technologists	технологи
technology	технология
tedium	скука
teenager	подросток
teenagers	подростки
teeth	зубы
telecast	передача
telecasts	передачи
telegram	телеграмма
telegrams	телеграммы
telegraph	телеграф
telegraphs	телеграфы
telephone	телефон
telephones	телефоны
telescope	телескоп
telescope-fish	телескоп
telescopes	телескопы
television	телевидение
televisions	телевидения
teller	счётчик
tellers	счётчики
telling-off	замечание
temper	характер
temperament	темперамент
temperaments	темпераменты
temperance	трезвость
temperances	воздержания
temperate	умеренный
temperature	температура
temperatures	температуры
tempers	характеры
tempest	буря
tempests	бури
template	шаблон
templates	шаблоны
temple	храм
temples	храмы
tempo	темп
temporal	временной
temporarily	временно
temporary	временный
tempos	темпы
temptation	искушение
temptations	искушения
ten	десять
tenacities	выдержки
tenacity	выдержка
tenant	жилец
tenants	жильцы
tend	склонный
tendencies	тенденции
tendency	тенденция
tender	нежный
tenderloin	вырезка
tenderloins	вырезки
tenderly	нежно
tenderness	нежность
tendernesses	нежности
tenders	тендеры
tendon	жила
tendons	жилы
tenet	доктрина
tenets	доктрины
tennis	теннис
tennis-player	теннисистка
tenor	тенор
tenors	тенора
tense	время
tenses	времена
tension	растяжение
tensions	растяжения
tent	палатка
tenth	десятый
tents	палатки
term	термин
terminal	терминал
terminals	терминалы
termination	окончание
terminations	окончания
terminologies	терминологии
terminology	терминология
terms	термины
terrace	терраса
terraces	террасы
terrestrial	земной
terrible	страшно
terriblies	страхи
terribly	ужасно
terrific	ужас
terrifics	ужасы
territorial	территориальный
territories	территории
territory	территория
terror	ужас
terrorism	терроризм
terrorisms	терроризмы
terrorist	террорист
terrorists	террористы
terrors	ужасы
terrorses	страхи
test	тест
test-system	тест-система
testa	панцирь
testament	завещание
testaments	завещания
testas	панцыри
testicle	яичко
testicles	яички
testimonial	характеристика
testimonials	характеристики
testimonies	показания
testimony	показание
testing	тестирование
testings	тестирования
tests	тесты
text	текст
textbook	учебник
textbooks	учебники
textile	ткань
textiles	ткани
texts	тексты
textual	текстовой
texture	строение
textures	строения
thai	тайский
thankful	благодарный
thaw	оттепель
thaws	оттепели
theatre	театр
theatres	театры
theatrical	театральный
theft	кража
thefts	кражи
thematic	тематический
theme	тема
themes	темы
themeses	тематики
thence	посему
theologian	богослов
theologians	богословы
theology	богословие
theorem	теорема
theorems	теоремы
theoretical	теоретический
theoretically	теоретически
theories	теории
theorist	теоретик
theorists	теоретики
theory	теория
therapeutics	терапия
therapeuticses	терапии
therapies	терапии
therapy	терапия
there-there	ну-ну
therefore	поэтому
thereupon	затем
thermal	тепловой
thermodynamics	термодинамика
thermodynamicses	термодинамики
theses	диссертации
thesis	диссертация
thick	толстый
thick-set	плотный
thicket	трущоба
thickets	трущобы
thickly	густо
thickness	толщина
thicknesses	толщины
thicks	гущи
thief	вор
thieves	воры
thigh	бедро
thighs	бёдра
thin	тонкий
thine	твой
thing	вещь
things	вещи
thingses	вещи
thinker	мыслитель
thinkers	мыслители
thinly	тонко
third	третий
thirdly	в-третьих
thirteen	тринадцать
thirteenth	тринадцатый
thirties	тридцати
thirty	тридцать
thong	ремень
thongs	ремни
thorn	шип
thorns	шипы
thorny	колючий
thorough	исполнительный
thorough-bred	кровный
thoroughfare	проезд
thoroughfares	проезды
thoroughly	хорошенько
thought	мысль
thoughtful	заботливый
thoughts	мысли
thousand	тысяча
thousands	тысячи
thousandses	тьмы
thousandth	тысячный
thread	нить
threads	нити
threat	угроза
threats	угрозы
three	три
three-year	трёхлетний
three-year-old	трёхлетний
threefold	тройной
threes	тройки
threshold	порог
thresholds	пороги
thrice	трижды
thrifty	хозяйственный
throat	горло
throats	горла
throne	трон
thrones	троны
throng	толпа
throngs	толпы
throughout	насквозь
thrush	дрозд
thrushes	дрозды
thumb-nail	ноготь
thunderstorm	гроза
thunderstorms	грозы
thursday	четверг
thursdays	четверги
thus	так
thy	твой
thyroid	щитовидный
tic	тик
tick	птичка
ticket	билет
ticket-collector	контролёр
ticket-office	касса
tickets	билеты
ticks	птички
tics	тики
tidings	новость
tidingses	новости
tidy	чистый
tier	ряд
tiers	ряды
tiger	тигр
tigers	тигры
tight	тесный
tight-fitting	прилегающий
tightly	крепко
tights	колготки
tightses	колготки
tile	плитка
tiles	плитки
timber	древесина
timbers	древесины
time	время
time-limit	регламент
time-table	расписание
timely	своевременный
times	времена
tin	жесть
tinge	оттенок
tinges	оттенки
tins	жести
tint	оттенок
tints	оттенки
tiny	крошечный
tip	кончик
tips	кончики
tipsy	пьяный
tiptoe	цыпочки
tiptoes	цыпочки
tiredness	усталость
tirednesses	усталости
tissue	ткань
tissues	ткани
titan	титан
titanic	гигантский
titanium	титан
titaniums	титаны
titans	титаны
tithe	десятина
tithes	десятины
title	титул
title-holder	чемпион
titles	титулы
toad	жаба
toads	жабы
toast	тост
toasts	тосты
tobacco	табак
tobacco-plant	табак
tobaccoes	табаки
today	сегодня
today's	сегодняшний
toe	палец
toe-nail	ноготь
toes	пальцы
toffee	ирис
toffees	ирисы
together	вместе
toil	труд
toilet	туалет
toilets	туалеты
toils	труды
token	знак
tokens	знаки
tolerance	терпимость
tolerances	допуски
tomato	помидор
tomatoes	помидоры
tomb	гробница
tombs	гробницы
tombstone	памятник
tombstones	памятники
tommy-gun	автомат
tomorrow	завтра
tomorrow's	завтрашний
ton	тонна
tone	тон
tones	тона
tongs	клещи
tongses	клещи
tongue	язык
tongues	языки
tonic	прима
tonics	примы
tonnage	вместимость
tonnages	вместимости
tons	тонны
tonses	пропасти
tool	инструмент
tool-making	инструментальный
tools	инструменты
toot	гудок
tooth	зуб
tooth-comb	гребень
toots	гудки
top	верх
top-boot	сапог
top-class	классный
topic	тема
topical	актуальный
topics	темы
tops	верхи
torch	факел
torches	факелы
tories	консерваторы
tornado	торнадо
tornadoes	ураганы
torpedo	торпеда
torpedoes	торпеды
torrent	поток
torrents	потоки
torso	корпус
torsos	корпусы
tortoise	черепаха
tortoise-shell	черепаха
tortoises	черепахи
tory	консерватор
total	общий
totalities	совокупности
totality	совокупность
totally	совершенно
totals	итоги
touch-down	приземление
tough	жёсткий
tour	турне
tourism	туризм
tourist	турист
tourists	туристы
tournament	турнир
tournaments	турниры
tours	гастроли
tow-boat	буксир
tow-line	буксир
tow-rope	буксир
towel	полотенце
towels	полотенца
tower	башня
towers	башни
town	город
town-councillor	гласный
town-dweller	горожанин
town-planning	градостроительство
towns	города
townsfolk	горожане
townspeople	горожане
toxic	ядовитый
toxin	токсин
toxins	токсины
trace	след
traces	следы
track	след
tracker	следопыт
trackers	следопыты
tracks	следы
traction	тяга
tractions	тяги
tractor	трактор
tractors	трактора
trader	торговец
traders	торговцы
tradesman	торговец
tradesmen	торговцы
tradition	традиция
traditional	традиционный
traditionally	традиционно
traditions	традиции
traffic	дорожный
tragedies	трагедии
tragedy	трагедия
tragic	трагический
tragically	трагически
train	поезд
trainee	стажёр
trainees	стажёры
trainer	тренер
trainers	тренеры
training	тренировка
trainings	тренировки
trains	поезда
trait	штрих
traitor	предатель
traitors	предатели
traits	штрихи
tram	трамвай
tram-car	трамвай
tramp	бродяга
tramps	бродяги
trams	трамваи
tramway	трамвай
tramways	трамваи
trance	транс
trances	трансы
tranquil	спокойный
tranquillity	спокойствие
trans-shipment	перегрузка
transaction	сделка
transactions	сделки
transactionses	протоколы
transference	перевод
transferences	переводы
transfiguration	преображение
transfigurations	преображения
transformation	преобразование
transformations	преобразования
transformer	трансформатор
transformers	трансформаторы
transfusion	переливание
transfusions	переливания
transient	минутный
transistor	транзистор
transistors	транзисторы
transit	транзит
transition	переход
transitional	переходный
transitions	переходы
transitive	переходный
transitory	кратковременный
transits	транзиты
translation	перевод
translations	переводы
translator	переводчик
translators	переводчики
transmission	передача
transmissions	передачи
transmitter	передатчик
transmitters	передатчики
transmutation	превращение
transmutations	превращения
transparency	прозрачность
transparent	прозрачный
transport	транспорт
transportation	транспорт
transportations	транспорты
transports	транспорты
transposition	перестановка
transpositions	перестановки
trap	капкан
trapper	охотник
trappers	охотники
traps	капканы
trash	мусор
trashes	хламы
trauma	травма
traumas	травмы
traveller	путешественник
travellers	путешественники
trawler	траулер
trawlers	траулеры
tray	поднос
trays	подносы
treacheries	предательства
treachery	предательство
tread	шаг
treads	шаги
treason	измена
treasons	измены
treasure	сокровище
treasurer	казначей
treasurers	казначеи
treasures	сокровища
treasuries	казначейства
treasury	казначейство
treaties	договоры
treatise	трактат
treatises	трактаты
treatment	лечение
treatments	лечения
treaty	договор
tree	древо
tree-fungus	губа
trees	древеса
trellis	решётка
trellises	решётки
tremble	дрожь
trembles	дрожи
tremendous	потрясающий
tremor	толчок
tremors	толчки
trench	окоп
trench-raid	поиск
trenches	окопы
trend	течение
trends	течения
trepidation	трепет
trepidations	трепеты
trestle	козлы
trestles	козлы
triad	триада
triads	триады
trial	проба
trials	пробы
triangle	треугольник
triangles	треугольники
tribal	племенной
tribe	племя
tribes	племена
tribunal	трибунал
tribunals	трибуналы
tributaries	притоки
tributary	приток
tribute	дань
tributes	дани
trick	номер
trickeries	обманы
trickery	обман
tricks	номера
tricycle	велосипед
tricycles	велосипеды
trigger	собачка
triggers	собачки
trilogies	трилогии
trilogy	трилогия
trimmings	отделка
trimmingses	отделки
trinities	троицы
trinity	троица
trio	трио
trios	троицы
trip	рейс
tripe	рубец
tripes	рубцы
triple	тройной
trips	рейсы
trite	банальный
triumphal	победный
triumphant	победный
trivial	плоский
troika	тройка
troikas	тройки
troll	тролль
trolley	тележка
trolleys	тележки
trolls	тролли
troop	отряд
troop-carrier	транспорт
troops	войска
trophies	трофеи
trophy	трофей
tropical	тропический
trot	рысь
trots	рыси
trouble	труд
troubles	труды
trough	ясли
troughs	ясли
troupe	труппа
troupes	труппы
trousers	штаны
trouserses	штаны
trout	форель
trouts	форели
truce	перемирие
truck	грузовик
trucks	грузовики
true	правда
truely	собственно
trues	правды
trulies	права
truly	истинно
trump	козырь
trumpet	труба
trumpets	трубы
trumps	козыри
trunk	туловище
trunks	туловища
truss	ферма
trusses	фермы
trust	доверие
trustee	опекун
trustees	опекуны
trusts	доверия
trustworthiness	достоверность
trustworthinesses	достоверности
trustworthy	надёжный
trusty	надёжный
truth	правда
truthful	правдивый
truths	правды
try-out	проба
tsar	царь
tsarist	царский
tsars	цари
tub	чан
tube	трубка
tuberculosis	туберкулёз
tubes	трубки
tubing	трубопровод
tubings	трубопроводы
tubs	чаны
tuck	складка
tucks	складки
tuesday	вторник
tuesdays	вторники
tuft	клок
tufts	клочья
tug	буксир
tugboat	буксир
tugboats	буксиры
tugs	буксиры
tulip	тюльпан
tulips	тюльпаны
tummies	животики
tummy	животик
tumour	опухоль
tumours	опухоли
tun	чан
tuna	тунец
tunas	тунцы
tundra	тундра
tundras	тундры
tungsten	вольфрам
tungstens	вольфрамы
tunnel	тоннель
tunnels	тоннели
tuns	чаны
turbine	турбина
turbines	турбины
turk	турок
turkey	Турция
turkeys	индейки
turkish	турецкий
turkmen	туркменский
turks	турки
turmoil	смута
turmoils	смуты
turner	токарь
turners	токари
turning-off	выключение
turning-point	поворот
turnover	оборот
turnovers	обороты
turret	башня
turrets	башни
turtle	черепаха
turtles	черепахи
tutelage	опека
tutelages	опеки
tutor	учитель
tutorial	консультация
tutorials	консультации
tutors	учителя
tutu	пачка
tutus	пачки
tv	телевидение
tvs	телевидения
twelfth	двенадцатый
twelve	двенадцать
twentieth	двадцатый
twenty	двадцать
twenty-four-hour	круглосуточный
twice	дважды
twig	веточка
twigs	веточки
twilight	сумерки
twin	близнец
twins	близнецы
two	два
two-piece	платье-костюм
two-way	двусторонний
two-year	двухлетний
two-year-old	двухлетний
twofold	двукратный
twos	двойки
type	тип
type-metal	гарт
types	типы
typescript	рукопись
typescripts	рукописи
typewriter	машинка
typewriters	машинки
typhoon	тайфун
typhoons	тайфуны
typhus	тиф
typical	типичный
typically	типично
tyrannies	произволы
tyranny	произвол
tyrant	тиран
tyrants	тираны
tyre	шина
tyre-cover	покрышка
tyres	шины
u-turn	разворот
ugliness	безобразие
uglinesses	безобразия
ugly	дурной
uh-huh	ага
ukraine	Украина
ukrainian	украинец
ukrainians	украинцы
ulcer	язва
ulcers	язвы
ultimate	конечный
ultimatum	ультиматум
ultimatums	ультиматумы
ultra	ультра
umbrella	зонтик
umbrellas	зонтики
unacceptable	неприемлемый
unambiguous	однозначный
unanimous	единогласный
unanimously	единогласно
unarmed	невооружённый
unassuming	скромный
unavailable	недоступный
unavoidable	неизбежный
unbearable	невыносимый
unbearably	невыносимо
unbelievable	удивительный
unbounded	неограниченный
uncanny	жуткий
unceremoniously	запросто
uncertain	неопределённый
uncertainties	неопределённости
uncertainty	неопределённость
uncle	дядя
uncles	дядья
uncomfortable	неудобный
uncomfortably	неловко
uncommon	необычный
uncommonly	необыкновенно
unconditionally	безусловно
unconscious	бессознательный
unconsciousness	забвение
unconsciousnesses	забвения
uncooked	сырой
under-tutor	дядька
undercarriage	шасси
undercut	вырезка
undercuts	вырезки
underground	метрополитен
undergrounds	метрополитены
underneath	под
underpants	трусы
underpantses	трусы
understanding	понимание
understandings	понимания
undertaking	предприятие
undertakings	предприятия
underwater	подводный
underwear	трусы
underwears	трусы
underworld	ад
undesirable	нежелательный
undoubtedly	безусловно
undying	бессмертный
uneasiness	беспокойство
uneasinesses	тревоги
uneasy	тревожно
unemployed	безработный
unemployment	безработица
unequivocal	однозначный
unesco	юнеско
unexpected	неожиданный
unexpectedly	неожиданно
unfailing	неизменный
unfair	кривой
unfairness	несправедливость
unfairnesses	несправедливости
unfaithful	неверный
unfamiliar	незнакомый
unfavourable	отрицательный
unfit	неспособный
unforgettable	незабываемый
unfortunate	несчастный
unfortunatelies	сожаления
unfortunately	печально
unhappy	несчастный
unhealthy	вредный
unicorn	единорог
unicorn-fish	единорог
unicorns	единороги
unification	объединение
unifications	объединения
uniform	форма
uniformly	равномерно
uniforms	формы
unilateral	односторонний
unimportant	неважно
uninhabited	необитаемый
unintelligible	непонятный
unintentional	бессознательный
unintentionally	невольно
uninterrupted	непрерывный
union	союз
unions	союзы
unique	уникальный
unison	унисон
unisons	унисоны
unit	единица
unitary	унитарный
unities	единства
units	единицы
unity	единство
universal	всеобщий
universe	вселенная
universes	мироздания
universities	университеты
university	университет
unjust	неправый
unjustified	неоправданный
unknown	неизвестный
unlikely	вряд
unlimited	неограниченный
unlucky	несчастный
unnecessarily	излишне
unnecessary	излишне
unofficial	неофициальный
unorganized	рассеянный
unpleasant	неприятно
unpleasantness	неприятность
unpleasantnesses	неприятности
unprecedented	небывалый
unpretentious	скромный
unquestionably	бесспорно
unreal	призрачный
unrecognized	непризнанный
unrest	волнение
unrestricted	вольный
unrests	волнения
unsafe	небезопасный
unspoken	молчаливый
unsuccessful	неудачный
unsuccessfully	безуспешно
unsuitable	неподходящий
untimely	преждевременный
unusual	необычный
unusually	особенно
unwarranted	излишний
unwillingly	неохотно
unwillingness	нежелание
unwillingnesses	нежелания
unwittingly	невольно
up-river	верховой
up-to-date	новейший
upbringing	воспитание
upbringings	воспитания
upcoming	предстоящий
upkeep	содержание
upkeeps	содержания
upland	нагорный
upper	верхний
uppers	заготовки
upright	стоя
uprights	стойки
uprising	восстание
uprisings	восстания
uproar	шум
uproars	шумы
upshot	развязка
upshots	развязки
upstairs	наверх
upstanding	порядочный
upstream	вверх
upsurge	подъём
upsurges	подъёмы
upward	наверх
upwards	вверх
ural	Урал
uranium	уран
uraniums	ураны
uranus	уран
uranuses	ураны
urban	городской
urgencies	актуальности
urgency	актуальность
urgent	срочный
urgently	срочно
urinary	мочевой
urine	моча
urn	урна
urns	урны
usa	америка
usage	употребление
usages	порядок
usageses	порядки
usas	Америки
useful	полезный
useless	бесполезно
user	пользователь
users	пользователи
usher	дядька
ushers	дядьки
ussr	СССР
usual	обычный
usually	обычно
usurper	захватчик
usurpers	захватчики
utensils	утварь
uterus	матка
uteruses	матки
utilization	использование
utilizations	использования
utmost	предельный
utter	настоящий
utterance	высказывание
utterances	высказывания
utterly	полностью
uzbek	узбекский
uzbeks	узбеки
vacancies	вакансии
vacancy	вакансия
vacant	свободный
vacation	отпуск
vacations	отпуска
vaccination	вакцинация
vaccinations	вакцинации
vaccine	вакцина
vaccines	вакцины
vacuum	вакуум
vacuums	пустоты
vagina	влагалище
vaginas	влагалища
vagrant	бродячий
vagrants	бродяги
vague	неясный
vaguely	смутно
vagueness	туманность
vaguenesses	туманности
vain	бесполезный
vale	долина
vales	долины
valet	номерной
valets	номерные
valiant	храбрый
valid	достоверный
validities	действительности
validity	обоснованность
valley	долина
valleys	долины
valour	доблесть
valours	доблести
valuable	ценный
valuables	ценность
valuableses	ценности
valve	клапан
valves	клапаны
vamp	головка
vampire	вампир
vampire-bat	вампир
vampires	вампиры
vamps	головки
van	фургон
vandal	вандал
vandals	вандалы
vane	лопасть
vanes	лопасти
vanguard	авангард
vanguards	авангарды
vanities	тщеславия
vanity	тщеславие
vans	фургоны
vapid	пресный
variable	переменная
variables	переменные
variance	несогласие
variances	несогласия
variation	вариация
variations	вариации
varieties	разновидности
variety	разнообразие
various	различный
varnish	лак
varnishes	лаки
vascular	сосудистый
vase	ваза
vases	вазы
vast	огромный
vastly	сильно
vat	чан
vats	чаны
vault	склеп
vaults	склепы
vector	вектор
vectors	векторы
vegetable	растительный
vegetables	овощи
vegetableses	овощи
vegetation	растительность
vehement	ярый
vehicle	корабль
vehicles	корабли
veil	воздух
veils	завесы
vein	вена
veins	вены
velocities	скорости
velocity	скорость
velvet	бархат
vendor	продавец
vendors	продавцы
veneer	фанера
veneers	фанеры
venerable	почтенный
venetian	венецианский
vengeance	месть
vengeances	мести
venom	яд
venomous	ядовитый
venoms	яды
ventilation	вентиляция
ventilations	вентиляции
ventilator	вентилятор
ventilators	вентиляторы
venus	Венера
veranda	веранда
verandas	веранды
verb	глагол
verbal	устный
verbally	устно
verbs	глаголы
verdict	вердикт
verdicts	вердикты
verge	грань
verges	грани
verily	воистину
vermilion	алый
vermin	паразит
vermins	паразиты
veronica	вероника
veronicas	вероники
versatile	гибкий
versatilities	гибкости
versatility	гибкость
verse	стих
versed	осведомлённый
verses	стихи
verseses	стихи
version	версия
versions	версии
vert	зелень
vertebra	позвонок
vertebral	позвоночный
vertebras	позвонки
vertex	вершина
vertexes	вершины
vertical	вертикальный
vertigo	головокружение
verts	зелени
vessel	сосуд
vessels	сосуды
vest	майка
vestibule	вестибюль
vestibules	вестибюли
vestige	след
vestiges	следы
vests	майки
vet	ветеринар
veteran	ветеран
veterans	ветераны
veterinaries	ветеринары
veterinary	ветеринарный
veto	вето
vets	ветеринары
vial	бутылочка
vials	бутылочки
vibration	вибрация
vibrations	вибрации
vice	порок
vice-admiral	вице-адмирал
vice-chancellor	ректор
vice-consul	вице-консул
vice-president	вице-президент
viceroy	вице-король
viceroys	вице-короли
vices	пороки
vicinities	районы
vicinity	район
vicious	злой
viciously	жестоко
victim	жертва
victimization	преследование
victims	жертвы
victor	победитель
victories	победы
victorious	победный
victors	победители
victory	победа
video	видео
viennese	венский
vietnamese	вьетнамский
view	пейзаж
viewer	телезритель
viewers	телезрители
views	пейзажи
vigilance	бдительность
vigilances	бдительности
vigorous	мощный
viking	викинг
vikings	викинги
vile	подло
villa	вилла
village	деревня
village-community	мирской
villager	житель
villagers	жители
villages	деревни
villain	злодей
villains	злодеи
villas	виллы
vim	огонёк
vims	огоньки
vine	виноград
vinegar	уксус
vinegars	уксусы
vines	лозы
vineyard	виноградник
vineyards	виноградники
violation	нарушение
violations	нарушения
violence	насилие
violences	насилия
violent	сильный
violently	сильно
violet	фиолетовый
violin	скрипка
violinist	скрипач
violinists	скрипачи
violins	скрипки
viper	язва
vipers	язвы
viral	вирусный
virgin	Богородица
virginities	девственности
virginity	девственность
virgins	девственницы
virgo	дева
virgos	девы
virtual	виртуальный
virtually	фактически
virtue	добродетель
virtues	добродетели
virus	вирус
viruses	вирусы
visa	виза
visas	визы
viscount	виконт
viscounts	виконты
visibility	видимость
visible	видимый
vision	видение
visionaries	мечтатели
visionary	мечтатель
visions	зрения
visitation	посещение
visitations	посещения
visitor	гость
visitors	гости
vista	перспектива
vistas	перспективы
visual	зрительный
visually	наглядно
vital	жизненный
vitamin	витамин
vitamins	витамины
vivid	яркий
vividly	живо
vixen	ведьма
vixens	ведьмы
vladivostok	Владивосток
vocabularies	лексики
vocabulary	лексика
vocal	голосовой
vocalist	вокалист
vocalists	вокалисты
vocation	призвание
vocations	призвания
vodka	водка
vodkas	водки
vogue	мода
vogues	моды
voice	голос
voiceless	глухой
voices	голоса
void	лишённый
voids	пустоты
volatile	летучий
volcanic	вулканический
volcano	вулкан
volcanoes	вулканы
volga	волжский
volley	залп
volley-ball	волейбол
volley-baller	волейболист
volleys	залпы
voltage	напряжение
voltages	напряжения
volume	объём
volumes	объёмы
voluminous	объёмный
voluntarily	добровольно
voluntary	добровольный
volunteer	доброволец
volunteers	добровольцы
vomiting	рвота
vomitings	рвоты
vortex	вихрь
vortices	вихри
voter	избиратель
voters	избиратели
voucher	путёвка
vouchers	путёвки
vow	клятва
vowel	гласный
vows	клятвы
voyage	путь
voyages	пути
vulcan	вулкан
vulcans	вулканы
vulnerabilities	уязвимости
vulnerability	уязвимость
vulnerable	уязвимый
vulture	гриф
wag	шутник
wags	шутники
waist	талия
waistband	пояс
waistbands	пояса
waistcoat	жилет
waistcoats	жилеты
waists	талии
waiter	официант
waiters	официанты
waiting-room	приёмная
waitress	официантка
waitresses	официантки
wale	полоса
wales	полосы
walkie-talkie	рация
walking-stick	палка
wall	стена
wallet	кошелёк
wallets	кошельки
wallpaper	обои
wallpapers	обои
walls	стены
walnut	орех
walnuts	орехи
waltz	вальс
waltzes	вальсы
wan	бледный
wanderer	странник
wanderers	странники
wanker	придурок
wankers	придурки
war	война
ward	палата
wardrobe	шкаф
wardrobes	шкафы
wards	палаты
warehouse	амбар
warehouses	амбары
warfare	война
warfares	войны
warm	тёплый
warmly	горячо
warmth	теплота
warmths	*теплоты
warning	предостережение
warp	основа
warps	основы
warrant	ордер
warrants	ордера
warrior	воин
warriors	воины
wars	войны
warsaw	варшава
wary	осторожный
wash-bowl	раковина
wash-hand-basin	таз
wash-house	прачечная
washer	шайба
washers	шайбы
washing	мойка
washings	мойки
wasp	оса
wasps	осы
wasteland	пустошь
wastelands	пустоши
water	вода
water-carrier	водолей
water-colour	акварель
water-colours	акварель
water-gate	затвор
water-main	водопровод
water-meadow	пойма
water-melon	арбуз
water-nymph	русалка
water-pipe	водопровод
water-plant	водоросль
water-skin	мех
water-sprite	водяной
water-supply	водоснабжение
waterfall	водопад
waterfalls	водопады
waterproof	плащ
waterproofs	плащи
waters	воды
watershed	переломный
waterside	береговой
watery	жидкий
wave	волна
waves	волны
wax	воск
way	путь
ways	пути
weak	слабый
weakly	слабо
weakness	слабость
weaknesses	слабости
wealth	богатство
wealthies	богачи
wealths	богатства
wealthy	богатый
weapon	оружие
weapons	оружия
weariness	усталость
wearinesses	усталости
weasel	ласка
weasels	ласки
weather	погода
weathers	погоды
web	сеть
webs	сети
website	сайт
websites	сайты
wedding	свадьба
weddings	свадьбы
wedge	клин
wedges	клинья
wedlock	брак
wedlocks	браки
wednesday	среда
wednesdays	среды
wee	крохотный
week	неделя
week-day	будни
weekend	выходные
weekends	выходные
weeklies	еженедельники
weekly	еженедельно
weeks	недели
wehrmacht	вермахт
wehrmachts	вермахты
weighing-machine	весы
weight	вес
weights	веса
weighty	весомый
weir	плотина
weird	жуткий
weirs	плотины
weld	сварка
welds	сварки
welfare	благосостояние
well	ну
well-being	благосостояние
well-composed	стройный
well-earned	заслуженный
well-founded	обоснованный
well-grounded	состоятельный
well-grown	крупный
well-informed	осведомлённый
well-known	известный
well-mannered	воспитанный
well-nourished	гладкий
well-off	состоятельный
well-proportioned	стройный
well-timed	своевременный
well-to-do	обеспеченный
well-trodden	избитый
well-well	ну-ну
wells	колодцы
werewolf	оборотень
werewolves	оборотни
west	запад
westerly	западный
western	западный
wests	запады
wet	мокрый
wether	баран
wethers	бараны
whale	кит
whales	киты
wharf	пристань
wharves	пристани
wheat	пшеница
wheats	пшеницы
wheel	колесо
wheel-wright	колесник
wheelbarrow	тачка
wheelbarrows	тачки
wheels	колёса
whereabouts	положение
whereaboutses	положения
wherever	куда
whey	сыворотка
wheys	сыворотки
whim	прихоть
whims	прихоти
whimsies	прихоти
whimsy	прихоть
whip	бич
whips	бичи
whirlpool	водоворот
whirlpools	водовороты
whirlwind	вихрь
whirlwinds	вихри
whisker	ус
whiskers	усы
whisky	виски
whistle	свисток
whistles	свистки
white	белый
whites	белые
whole	целый
wholesale	оптовый
wholesome	полезный
wholly	целиком
whore	шлюха
whores	шлюхи
wick	фитиль
wicket	калитка
wickets	калитки
wicks	фитили
wide	широко
widely	широко
widespread	распространённый
widget	штучка
widgets	штучки
widow	вдова
widows	вдовы
width	ширина
widths	широты
wife	жена
wig	парик
wigs	парики
wild	дикий
wilderness	пустыня
wildernesses	пустыни
willingly	охотно
willingness	готовность
willingnesses	готовности
willow	волк-машина
willow-herb	иван-чай
willows	волк-машины
willy-nilly	поневоле
wind	ветер
windfall	находка
windfalls	находки
window	окно
window-sill	окно
windows	окна
winds	газы
wine	вино
wine-coloured	бордо
wine-cooler	холодильник
wine-making	виноделие
wines	вина
wing	крыло
wing-span	размах
wing-spread	размах
wings	крылья
winner	победитель
winners	победители
winnings	выигрыш
winningses	выигрыши
winter	зима
winter-camp	зимовка
winters	зимы
wintry	зимний
wire	провод
wireless	радио
wirelesses	приёмники
wires	провода
wisdom	мудрость
wisdoms	мудрости
wise	мудрый
wisely	мудро
wiser	умнее
wisp	волокно
wisps	волокна
wistful	печальный
wit	ум
witch	ведьма
witchcraft	колдовство
witchcrafts	*колдовства
witches	ведьмы
withdrawal	изъятие
withdrawals	изъятия
wits	умы
wives	жёны
wizard	маг
wizards	маги
woe	горе
woes	горя
wolf	волк
wolves	волки
wolveses	стаи
woman	женщина
woman-worker	работница
womanizer	бабник
womanizers	бабники
womanly	женский
womb	утроба
wombs	утробы
women	женщины
womens	женщины
wonder-worker	чудотворец
wonderful	чудесный
wonderfully	удивительно
wood	дерево
wooden	деревянный
woodlands	полесье
woodlandses	полесья
woodpecker	дятел
woodpeckers	дятлы
woof	уток
wool	шерсть
wools	руна
word	слово
word-combination	словосочетание
words	слова
work-load	загрузка
workable	реальный
worker	работник
workers	работники
working-class	рабочий
working-people	трудящийся
workman	рабочий
workmanship	мастерство
workmanships	*мастерства
workmen	рабочие
workshop	мастерская
workshops	мастерские
world	мир
world-wide	всемирный
worldly	светский
worlds	миры
worm	червь
worms	черви
wormwood	полынь
wormwoods	полыни
worse	хуже
worthless	бесценный
worthwhile	стоящий
worthy	достойный
wound	рана
wounds	раны
wow	ого
wrapper	упаковка
wrappers	упаковки
wrath	гнев
wraths	гневы
wreath	венок
wreaths	венки
wreck	крушение
wrecker	диверсант
wreckers	диверсанты
wrecks	крушения
wrestler	борец
wrestlers	борцы
wretched	жалкий
wrinkle	морщина
wrinkles	морщины
wrist	запястье
wrist-watch	часы
wrists	запястья
writ	повестка
writer	писатель
writers	писатели
writing	писание
writing-book	тетрадь
writing-desk	бюро
writing-pad	блокнот
writings	писания
writs	повестки
wrong	неправильно
wrongly	незаслуженно
wrongs	обиды
wry	кривой
x-rays	икс-лучи
xmas	рождество
xmases	рождества
yacht	яхта
yachts	яхты
yak	як
yaks	яки
yank	американец
yankee	янки
yankees	американцы
yanks	американцы
yard	парк
yards	парки
yardstick	мерка
yardsticks	мерки
yarn	пряжа
yarns	пряжи
year	год
year-book	ежегодник
yearly	ежегодно
years	годы
yearses	лета
yeast	дрожжи
yeasts	дрожжи
yellow	жёлтый
yellowish	желтоватый
yen	иена
yens	иены
yesterday	вчера
yesterday's	вчерашний
yoga	йога
yoghurt	йогурт
yoghurts	йогурты
yoke	иго
yokes	ига
young	молодой
younger	младший
youngest	младший
youngs	детёныши
youngster	малыш
youngsters	малыши
youth	молодёжь
youthful	юный
youths	молодёжи
zander	судак
zanders	судаки
zeal	усердие
zeals	усердия
zebra	зебра
zebras	зебры
zenith	зенит
zeniths	зениты
zephyr	зефир
zephyrs	зефиры
zero	нуль
zeros	нули
zest	огонёк
zests	огоньки
zinc	цинк
zincs	цинки
zip-fastener	молния
zipper	молния
zippers	молнии
zodiac	зодиак
zodiacs	зодиаки
zone	зона
zones	зоны
zoo	зоопарк
zoologies	зоологии
zoology	зоология
zoos	зоопарки
zurich	Цюрих
